dataset,column,count,missing,pos_inf_count,neg_inf_count,negative_count,negative_rate,zero_count,min,p01,p05,median,p95,p99,max
train,Id,1624,0,0,0,0,0.0,1,0.0,21.23,100.15,1009.5,1923.5499999999997,2008.31,2029.0
train,fullTimeEmployees,1544,80,0,0,0,0.0,0,1.0,4.0,15.150000000000006,878.0,38764.99999999992,131709.9999999998,500000.0
train,auditRisk,1131,493,0,0,0,0.0,0,1.0,1.0,1.0,6.0,10.0,10.0,10.0
train,boardRisk,1131,493,0,0,0,0.0,0,1.0,1.0,1.0,6.0,10.0,10.0,10.0
train,compensationRisk,1131,493,0,0,0,0.0,0,1.0,1.0,1.0,6.0,10.0,10.0,10.0
train,shareHolderRightsRisk,1131,493,0,0,0,0.0,0,1.0,1.0,1.0,6.0,10.0,10.0,10.0
train,overallRisk,1131,493,0,0,0,0.0,0,1.0,1.0,1.0,6.0,10.0,10.0,10.0
train,trailingPE,722,902,7,0,0,0.0,0,8.62069e-05,0.04055783626000004,3.4634163600000005,21.166666,128.013927,645.5800620000002,1774.2501
train,forwardPE,1436,188,6,0,591,0.4132867132867133,0,-2085.0,-139.24983769999997,-32.07372205,9.284913249999999,54.54784974999999,217.66501420000043,1043.5001
train,floatShares,1598,26,0,0,0,0.0,0,103469.0,750923.01,2445193.9000000004,41034219.5,497255416.499999,2054026750.1999998,142135653223.0
train,sharesOutstanding,1601,23,0,0,0,0.0,0,272874.0,1279930.0,4321770.0,54656300.0,576040000.0,2289430016.0,143145992192.0
train,trailingEps,1577,47,0,0,862,0.5466074825618262,0,-569.18,-37.0704,-8.095999999999998,-0.1,9.897999999999984,33.86640000000001,3314.89
train,forwardEps,1430,194,0,0,591,0.4132867132867133,0,-56.2,-11.2268,-3.4964999999999997,0.32,11.624999999999995,27.11750000000001,176.56
train,targetHighPrice,1317,307,0,0,0,0.0,0,0.25,1.0,3.0,30.0,290.0,635.0,4250.0
train,targetLowPrice,1317,307,0,0,0,0.0,0,0.15,0.5,1.25,17.0,190.0,428.079999999999,3000.0
train,targetMeanPrice,1317,307,0,0,0,0.0,0,0.25,0.8248,2.216,23.1,240.90200000000002,551.8451999999994,3702.79
train,targetMedianPrice,1317,307,0,0,0,0.0,0,0.25,0.9332,2.0,23.0,240.0,560.0,3605.0
train,recommendationMean,1400,224,0,0,0,0.0,0,1.0,1.0,1.5,2.1,3.0,3.5,5.0
train,numberOfAnalystOpinions,1317,307,0,0,0,0.0,0,1.0,1.0,1.0,6.0,23.0,32.0,52.0
train,totalCash,1597,27,0,0,0,0.0,0,89.0,19342.440000000002,514939.0,90067000.0,2226828851.1999965,9928375992.319986,61122998272.0
train,totalCashPerShare,1567,57,0,0,0,0.0,0,0.001,0.003,0.03130000000000001,1.783,16.118499999999994,48.32,398.912
train,ebitda,1570,54,0,0,687,0.4375796178343949,0,-7048000000.0,-534013499.52,-179782146.4,12606526.0,3015440038.399998,13442269818.88,54061998080.0
train,totalDebt,1560,64,0,0,0,0.0,0,3000.0,91138.20999999999,726113.7000000001,142478504.0,10059824742.399992,40841588531.20014,174941995008.0
train,totalRevenue,1574,50,0,0,1,0.0006353240152477764,0,-9000.0,25999.73,851575.1000000006,441342496.0,16422644787.199987,85630493655.03989,189856006144.0
train,revenuePerShare,1561,63,0,0,0,0.0,0,0.001,0.002,0.029,8.981,138.715,449.36560000000554,1192.097
train,freeCashflow,1591,33,0,0,714,0.4487743557510999,0,-5212000256.0,-949740857.6,-157838568.0,3173750.0,1311250048.0,6563937689.599996,29440124928.0
train,operatingCashflow,1595,29,0,0,680,0.4263322884012539,0,-5205000192.0,-418884173.44,-142790094.4,11826000.0,2404168934.399999,9935120424.959929,66219999232.0
train,revenueGrowth,1512,112,0,0,687,0.45436507936507936,0,-1.0,-0.93401,-0.55035,0.0275,1.1399500000000005,10.998860000000077,173.535
train,Q0_TOTAL_ASSETS,1624,0,0,0,27,0.0166256157635468,1,-195331000000.0,-5165367230.0,3144152.9000000004,631705500.0,22462299999.999966,99406749999.99995,384830000000.0
train,Q0_TOTAL_LIABILITIES,1624,0,0,0,27,0.0166256157635468,1,-139965000000.0,-2728407701.311822,2063379.35,291650000.0,14958658799.999975,67710525507.55885,212717000000.0
train,Q0_TOTAL_STOCKHOLDERS_EQUITY,1624,0,0,0,222,0.13669950738916256,0,-97848000000.0,-6499673999.999999,-127396049.99999997,247001000.0,7859839299.999994,37472817133.33584,180718140097.6792
train,Q0_GROSS_PROFIT,1624,0,0,0,124,0.07635467980295567,50,-917000000.0,-94975760.0,-474599.99999999977,37557000.0,1578176699.9999983,7330649999.999999,37186000000.0
train,Q0_COST_OF_REVENUES,1624,0,0,0,72,0.04433497536945813,205,-15873000000.0,-76857840.0,0.0,25135986.0,2891164999.999998,12753490339.99998,50749000000.0
train,Q0_REVENUES,1624,0,0,0,7,0.004310344827586207,52,-385000000.0,0.0,18246.250000000007,92668000.0,4010000000.0,21684699999.999985,49048000000.0
train,Q0_OPERATING_INCOME,1624,0,0,0,838,0.5160098522167488,0,-2654000000.0,-963321870.0,-99522699.99999997,-200146.5,560970000.0,2238390000.0,13748000000.0
train,Q0_OPERATING_EXPENSES,1624,0,0,0,4,0.0024630541871921183,0,-24030000.0,146514.9,1072103.0,46144500.0,1397879999.999998,5578929999.999998,41118000000.0
train,Q0_EBITDA,1624,0,0,0,887,0.5461822660098522,0,-32829000000.0,-1706610000.0,-216921299.99999997,-700000.0,544523749.9999998,3273746469.9999967,34138000000.0
train,Q0_fiscal_year_end,1624,0,0,0,0,0.0,1597,0.0,0.0,0.0,0.0,0.0,1.0,1.0
train,Q1_TOTAL_ASSETS,1623,1,0,0,10,0.0061614294516327784,0,-233019000000.0,83354.13999999991,5292093.3,671904000.0,27800239999.999947,98252059999.99997,379955000000.0
train,Q1_TOTAL_CURRENT_ASSETS,1614,10,0,0,11,0.006815365551425031,0,-44044000000.0,43250.55999999999,2144812.55,265531649.5,7787549999.999993,28688069999.999863,116476000000.0
train,Q1_TOTAL_NONCURRENT_ASSETS,1613,11,0,0,10,0.006199628022318661,10,-188975000000.0,0.0,636516.8000000003,286331000.0,19059199999.999935,73731039999.99963,342567000000.0
train,Q1_TOTAL_LIABILITIES,1624,0,0,0,11,0.0067733990147783255,0,-145604000000.0,119740.26000000001,2724644.8,316003000.0,16651899999.999958,67140429999.99985,212717000000.0
train,Q1_TOTAL_CURRENT_LIABILITIES,1611,13,0,0,11,0.006828057107386716,0,-77638000000.0,137812.20000000007,1888189.5,104120000.0,5104000000.0,27449800000.00013,96866000000.0
train,Q1_TOTAL_NONCURRENT_LIABILITIES,1611,13,0,0,26,0.016139044072004966,39,-67966000000.0,-22952042.116581284,88617.5,151327000.0,11003419500.0,42897800000.000015,150122184884.71878
train,Q1_TOTAL_LIABILITIES_AND_EQUITY,1624,0,0,0,11,0.0067733990147783255,0,-233019000000.0,56954.36000000001,5180410.850000001,671587000.0,27781359999.999966,98242789999.99998,379955000000.0
train,Q1_TOTAL_STOCKHOLDERS_EQUITY,1624,0,0,0,206,0.1268472906403941,0,-109338494204.42178,-1772601860.0,-70641750.0,259031500.0,9955779999.999994,45405000000.0,178428815115.28122
train,Q1_NET_INCOME,1394,230,0,0,737,0.5286944045911047,1,-6841000000.0,-1249800000.0,-100855000.0,-566409.0,369699999.9999998,2025329999.9999988,7788000000.0
train,Q1_GROSS_PROFIT,1617,7,0,0,95,0.05875077303648732,53,-1501000000.0,-70514320.0,-79839.19999999982,38263000.0,1586509199.999998,6605639999.999998,36731000000.0
train,Q1_COST_OF_REVENUES,1605,19,0,0,70,0.04361370716510903,204,-2692000000.0,-103075320.00000003,0.0,25067000.0,2690719999.999998,12323560000.000048,36632000000.0
train,Q1_REVENUES,1605,19,0,0,3,0.001869158878504673,49,-22000000.0,0.0,28644.0,93684000.0,3849199999.9999995,22346000000.0,48586000000.0
train,Q1_OPERATING_INCOME,1617,7,0,0,841,0.5200989486703772,0,-8958000000.0,-598151520.0,-80103600.0,-291555.0,530249599.9999998,2400680000.0,9392000000.0
train,Q1_OPERATING_EXPENSES,1616,8,0,0,2,0.0012376237623762376,0,-31350000.0,188720.19999999998,1190278.5,46979500.0,1356316000.0,5629609949.999963,41958000000.0
train,Q1_EBITDA,1616,8,0,0,900,0.556930693069307,0,-33844000000.0,-1303656200.0,-219827500.0,-892969.5,549725000.0,2959099999.9999957,33715000000.0
train,Q1_DEPRECIATION_AND_AMORTIZATION,1616,8,0,0,278,0.17202970297029702,981,-36633000000.0,-1426160600.0,-217940250.0,0.0,88856750.0,874000000.0,32544000000.0
train,Q1_fiscal_year_end,1624,0,0,0,0,0.0,1613,0.0,0.0,0.0,0.0,0.0,0.0,1.0
train,Q2_TOTAL_ASSETS,1623,1,0,0,75,0.04621072088724584,1,-172742000000.0,-12109271800.0,109642.10000000031,547273000.0,25424259999.999973,99802499999.99991,377716000000.0
train,Q2_TOTAL_CURRENT_ASSETS,1613,11,0,0,75,0.04649721016738995,1,-80074000000.0,-4383391040.0,71973.80000000008,236500000.0,6311528799.9999895,24142999999.99977,116476000000.0
train,Q2_TOTAL_NONCURRENT_ASSETS,1613,11,0,0,76,0.047117172969621826,9,-92668000000.0,-8838042120.0,0.0,207165000.0,17301079999.99998,81789079999.99901,341994000000.0
train,Q2_TOTAL_LIABILITIES,1624,0,0,0,75,0.046182266009852216,1,-178195000000.0,-8741620000.0,127084.7000000002,236743500.0,15402958649.999992,59001226649.520294,212717000000.0
train,Q2_TOTAL_CURRENT_LIABILITIES,1610,14,0,0,73,0.0453416149068323,0,-108201000000.0,-2701234000.0,223447.65000000029,86865300.5,4807324999.999997,25795960000.00004,96866000000.0
train,Q2_TOTAL_NONCURRENT_LIABILITIES,1610,14,0,0,90,0.055900621118012424,33,-95158000000.0,-6095790210.0,-10197863.567449408,111008500.0,10066464999.99999,38119997640.94203,152570630758.68573
train,Q2_TOTAL_LIABILITIES_AND_EQUITY,1623,1,0,0,75,0.04621072088724584,1,-172742000000.0,-12109271800.0,109642.10000000031,547801000.0,25424259999.999973,99802499999.99991,377716000000.0
train,Q2_TOTAL_STOCKHOLDERS_EQUITY,1623,1,0,0,254,0.15650030807147258,1,-49419000000.0,-4708977400.000001,-457270200.0,217000000.0,9911839999.999994,47257000000.0,177377369241.31427
train,Q2_NET_INCOME,1380,244,0,0,769,0.5572463768115942,2,-5930000000.0,-531050879.9999997,-104065449.99999999,-1043547.5,352037949.99999994,1902770000.0000014,5709000000.0
train,Q2_GROSS_PROFIT,1614,10,0,0,91,0.0563816604708798,54,-9156000000.0,-94312180.0,-57699.999999999985,37180500.0,1538169999.9999995,7052659999.999998,38019000000.0
train,Q2_COST_OF_REVENUES,1588,36,0,0,73,0.045969773299748114,197,-2348000000.0,-85909219.99999999,0.0,26014682.5,2780834999.9999914,13303130519.99989,32247000000.0
train,Q2_REVENUES,1589,35,0,0,5,0.0031466331025802393,36,-38325000.0,0.0,50680.0,102019000.0,3742839999.999998,20353239999.99974,46517000000.0
train,Q2_OPERATING_INCOME,1613,11,0,0,872,0.5406075635461872,1,-2303000000.0,-386930800.0,-86573199.99999999,-477000.0,522752199.99999994,2120959999.9999921,7991000000.0
train,Q2_OPERATING_EXPENSES,1615,9,0,0,1,0.0006191950464396285,0,-6000.0,225130.12000000002,1108415.6,47132000.0,1325399999.9999995,5557039999.999984,37407000000.0
train,Q2_EBITDA,1614,10,0,0,908,0.5625774473358116,0,-29669000000.0,-1437000000.0,-219278400.0,-849596.5,482252299.9999997,2617559999.9999905,35008000000.0
train,Q2_DEPRECIATION_AND_AMORTIZATION,1612,12,0,0,264,0.16377171215880892,986,-32247000000.0,-1479091100.0,-206044999.9999999,0.0,82678349.99999993,866000000.0,33790000000.0
train,Q2_fiscal_year_end,1624,0,0,0,0,0.0,1548,0.0,0.0,0.0,0.0,0.0,1.0,1.0
train,Q3_TOTAL_ASSETS,1616,8,0,0,1469,0.9090346534653465,1,-731273000000.0,-178414845000.0,-40691850000.0,-893699000.0,1880233250.0,54818102499.99952,117715000000.0
train,Q3_TOTAL_CURRENT_ASSETS,1607,17,0,0,1459,0.9079029247044181,1,-217992000000.0,-47944380000.0,-10054854000.0,-413668000.0,711542499.9999983,20340800000.000046,38787000000.0
train,Q3_TOTAL_NONCURRENT_ASSETS,1603,21,0,0,1447,0.9026824703680599,7,-656305000000.0,-139966720000.0,-27258058499.999996,-312190000.0,997264999.999996,43025740000.000145,104802000000.0
train,Q3_TOTAL_LIABILITIES,1619,5,0,0,1464,0.9042618900555899,1,-416826000000.0,-103637009146.74442,-23494309364.110603,-340775000.0,1044629604.6736555,18568000000.0,88540000000.0
train,Q3_TOTAL_CURRENT_LIABILITIES,1603,21,0,0,1441,0.8989394884591391,0,-181454000000.0,-40991620000.0,-8244230000.0,-129027000.0,429777099.9999986,6525000000.0,52007000000.0
train,Q3_TOTAL_NONCURRENT_LIABILITIES,1602,22,0,0,1393,0.869538077403246,20,-289084451722.4486,-62482644857.84125,-15670899990.466867,-152722500.0,552530349.9999986,12043000000.0,51288000000.0
train,Q3_TOTAL_LIABILITIES_AND_EQUITY,1617,7,0,0,1470,0.9090909090909091,1,-731273000000.0,-178410988000.0,-40684480000.0,-889555000.0,1875694599.9999835,54764975999.999565,117715000000.0
train,Q3_TOTAL_STOCKHOLDERS_EQUITY,1619,5,0,0,1344,0.830142063001853,0,-343409548277.5514,-65457880000.0,-13379696100.0,-360456000.0,915848799.999999,21209859999.99995,55234898636.04904
train,Q3_NET_INCOME,1323,301,0,0,691,0.5222978080120937,0,-5380000000.0,-518253140.0,-168109099.9999999,-493000.0,375049999.9999994,2483940989.7999997,6577000000.0
train,Q3_GROSS_PROFIT,1589,35,0,0,146,0.09188168659534299,51,-5493000000.0,-411480839.99999994,-2242818.199999999,39698000.0,1476276199.999998,7551149119.999983,34187000000.0
train,Q3_COST_OF_REVENUES,1522,102,0,0,140,0.09198423127463863,158,-23725000000.0,-609880440.0,-10151150.0,26808500.0,2908881900.000002,13558486999.999994,34578000000.0
train,Q3_REVENUES,1522,102,0,0,89,0.05847568988173456,30,-19737000000.0,-537184570.0,-301935.80000000005,108340000.0,4085000000.0,23260599999.99996,45751000000.0
train,Q3_OPERATING_INCOME,1584,40,0,0,836,0.5277777777777778,0,-8192000000.0,-623990000.0,-147168750.0,-451382.0,484599999.99999857,2441019000.0000124,7225000000.0
train,Q3_OPERATING_EXPENSES,1593,31,0,0,50,0.031387319522912745,0,-3386683646.0,-120703920.0,453076.0000000002,45097000.0,1509799999.9999964,5220949199.999998,40498000000.0
train,Q3_EBITDA,1587,37,0,0,849,0.5349716446124764,0,-31968000000.0,-3418779999.9999995,-276146200.0,-761543.0,629699999.9999925,3206717999.9999895,30989000000.0
train,Q3_DEPRECIATION_AND_AMORTIZATION,1579,45,0,0,274,0.17352754908169726,914,-34579000000.0,-2069440000.0,-233341099.99999997,0.0,171411099.99999848,1183560000.0000012,31271000000.0
train,Q3_fiscal_year_end,1624,0,0,0,0,0.0,140,0.0,0.0,0.0,1.0,1.0,1.0,1.0
train,Q4_TOTAL_ASSETS,1620,4,0,0,4,0.0024691358024691358,1,-191825000000.0,331890.28,7353778.45,668786131.5,26790689999.999958,94373789999.99997,375090000000.0
train,Q4_TOTAL_CURRENT_ASSETS,1611,13,0,0,4,0.002482929857231533,1,-39108000000.0,165029.2,3446313.5,299823000.0,7746446000.0,29894800000.00025,109251000000.0
train,Q4_TOTAL_NONCURRENT_ASSETS,1608,16,0,0,3,0.0018656716417910447,7,-152717000000.0,28666.000000000007,1108000.0,291759500.0,18083049999.999973,71214670000.00002,335344000000.0
train,Q4_TOTAL_LIABILITIES,1623,1,0,0,5,0.0030807147258163892,1,-126030000000.0,411598.14,3264400.6000000006,300048085.0,16352966910.504221,56253857191.4459,208413000000.0
train,Q4_TOTAL_CURRENT_LIABILITIES,1610,14,0,0,5,0.003105590062111801,0,-48630000000.0,271726.3,1913860.3,114017500.0,6080949999.999993,25586990000.00005,90727000000.0
train,Q4_TOTAL_NONCURRENT_LIABILITIES,1610,14,0,0,18,0.011180124223602485,34,-77400000000.0,-3178524.124658149,155344.25,145271000.0,8837000000.0,37679094641.50743,145804813815.87073
train,Q4_TOTAL_LIABILITIES_AND_EQUITY,1622,2,0,0,4,0.002466091245376079,1,-191825000000.0,332194.52,7366300.000000001,664649631.5,26742224999.999992,94364609999.99998,375090000000.0
train,Q4_TOTAL_STOCKHOLDERS_EQUITY,1622,2,0,0,165,0.10172626387176326,0,-53943000000.0,-1232650570.0,-31910270.449999962,260551000.0,9593469965.421236,49907000000.0,176144186184.12927
train,Q4_NET_INCOME,1393,231,0,0,719,0.5161521895190236,1,-4415500000.0,-530410440.0,-101919599.99999999,-291276.0,481399999.9999999,4401559999.999994,11812000000.0
train,Q4_GROSS_PROFIT,1613,11,0,0,89,0.05517668939863608,55,-3585000000.0,-45810640.0,-76849.19999999988,40901000.0,2043845199.9999998,13898000000.0,34294000000.0
train,Q4_COST_OF_REVENUES,1568,56,0,0,60,0.03826530612244898,187,-2881191000.0,-119225250.0,0.0,28912813.0,3370549999.99998,16860000000.0,44982000000.0
train,Q4_REVENUES,1568,56,0,0,2,0.0012755102040816326,32,-238000000.0,0.0,75450.00000000006,104487500.0,5122409999.99999,30758000000.0,45787000000.0
train,Q4_OPERATING_INCOME,1611,13,0,0,845,0.5245189323401613,1,-4375200000.0,-565358899.9999999,-88741000.0,-292000.0,642500000.0,4565600000.000034,13969000000.0
train,Q4_OPERATING_EXPENSES,1613,11,0,0,3,0.0018598884066955983,3,-37645000.0,138293.32000000004,1048786.8000000003,46295000.0,1404832399.9999952,5266230519.999991,38497000000.0
train,Q4_EBITDA,1611,13,0,0,879,0.5456238361266295,1,-30308000000.0,-1746190099.9999998,-194686000.0,-655000.0,605500000.0,6122500000.000119,31448000000.0
train,Q4_DEPRECIATION_AND_AMORTIZATION,1608,16,0,0,283,0.17599502487562188,969,-33700000000.0,-2109737000.0,-195357899.99999994,0.0,93733999.99999858,2220130000.000009,30972000000.0
train,Q4_fiscal_year_end,1624,0,0,0,0,0.0,1619,0.0,0.0,0.0,0.0,0.0,0.0,1.0
train,Q5_TOTAL_ASSETS,1619,5,0,0,2,0.0012353304508956147,1,-244094000000.0,276216.92,7444800.000000002,686789000.0,26981257199.999977,93157120000.0,370147000000.0
train,Q5_TOTAL_CURRENT_ASSETS,1611,13,0,0,2,0.0012414649286157666,1,-51644000000.0,145220.50000000006,2560242.5,298920000.0,7711889000.0,28911700000.00017,108996000000.0
train,Q5_TOTAL_NONCURRENT_ASSETS,1608,16,0,0,2,0.0012437810945273632,11,-192450000000.0,11021.890000000001,1025597.3500000002,300398136.5,18364099999.999977,72338370000.00012,332648000000.0
train,Q5_TOTAL_LIABILITIES,1622,2,0,0,2,0.0012330456226880395,1,-153901000000.0,520930.02000000014,3306504.750000001,296942877.0,16015000000.0,60551999999.99982,208413000000.0
train,Q5_TOTAL_CURRENT_LIABILITIES,1611,13,0,0,2,0.0012414649286157666,0,-75936000000.0,218501.20000000004,1772800.0,109363000.0,6348641000.0,24141700000.000008,90727000000.0
train,Q5_TOTAL_NONCURRENT_LIABILITIES,1611,13,0,0,17,0.010552451893234015,29,-77965000000.0,-8552.699999999986,203000.0,140160000.0,9006000000.0,37476132450.57716,147100071946.74106
train,Q5_TOTAL_LIABILITIES_AND_EQUITY,1621,3,0,0,2,0.0012338062924120913,1,-244094000000.0,276418.8,7470000.0,685908000.0,26956308000.0,93155800000.0,370147000000.0
train,Q5_TOTAL_STOCKHOLDERS_EQUITY,1621,3,0,0,161,0.09932140653917335,0,-114535168395.42754,-1023765600.0,-34635000.0,263291000.0,10198000000.0,49281000000.0,173822928053.25894
train,Q5_NET_INCOME,1397,227,0,0,721,0.5161059413027917,0,-3418000000.0,-509367560.0,-104371800.0,-242324.0,489220000.00000113,2626000000.0,6687000000.0
train,Q5_GROSS_PROFIT,1605,19,0,0,103,0.06417445482866044,69,-3904000000.0,-43742800.0,-492199.99999999994,37334000.0,1943515999.9999998,6543120000.000002,33837000000.0
train,Q5_COST_OF_REVENUES,1551,73,0,0,61,0.039329464861379754,187,-3000746000.0,-110772000.0,0.0,27074000.0,3089400000.0,14961501000.0,44207000000.0
train,Q5_REVENUES,1548,76,0,0,3,0.001937984496124031,44,-40629000.0,0.0,47742.30000000004,103135500.0,4666674999.999994,23660590000.0,53795000000.0
train,Q5_OPERATING_INCOME,1601,23,0,0,825,0.5153029356652092,0,-3639000000.0,-396802000.0,-82605000.0,-183000.0,598000000.0,3004000000.0,8358000000.0
train,Q5_OPERATING_EXPENSES,1608,16,0,0,2,0.0012437810945273632,1,-61285000.0,170600.31,935705.1,44514000.0,1510501849.9999995,5116860000.0,33643000000.0
train,Q5_EBITDA,1603,21,0,0,873,0.5446038677479725,0,-27145000000.0,-1653000000.0,-212785099.99999994,-687000.0,700449999.9999993,3770520000.0000005,31037000000.0
train,Q5_DEPRECIATION_AND_AMORTIZATION,1598,26,0,0,284,0.17772215269086358,975,-29261000000.0,-1798277310.0,-213531499.9999999,0.0,90448349.9999996,772519999.999995,31166000000.0
train,Q5_fiscal_year_end,1624,0,0,0,0,0.0,1622,0.0,0.0,0.0,0.0,0.0,0.0,1.0
train,Q6_TOTAL_ASSETS,1611,13,0,0,8,0.004965859714463066,1,-51298377000.0,121088.70000000008,7515365.5,661440000.0,26978850000.0,93953800000.0001,365716000000.0
train,Q6_TOTAL_CURRENT_ASSETS,1601,23,0,0,6,0.0037476577139287947,1,-12074339000.0,82664.0,2048000.0,290483000.0,7844000000.0,26840000000.0,108996000000.0
train,Q6_TOTAL_NONCURRENT_ASSETS,1600,24,0,0,7,0.004375,14,-39224038000.0,0.0,835945.3,300227430.5,19482429999.99999,73989879999.99998,330136000000.0
train,Q6_TOTAL_LIABILITIES,1611,13,0,0,7,0.004345127250155183,1,-38127251000.0,173504.90000000017,3168008.0,292493000.0,15851000000.0,59234800000.00038,208413000000.0
train,Q6_TOTAL_CURRENT_LIABILITIES,1600,24,0,0,6,0.00375,0,-6596089000.0,102597.78,1693124.35,104626685.5,5685467849.999986,25127039999.999992,90727000000.0
train,Q6_TOTAL_NONCURRENT_LIABILITIES,1599,25,0,0,26,0.016260162601626018,27,-31531162000.0,-5364993.2998839645,154732.2,132999000.0,9232323212.081085,38100180000.0,147388892253.81903
train,Q6_TOTAL_LIABILITIES_AND_EQUITY,1611,13,0,0,8,0.004965859714463066,1,-51298377000.0,121088.70000000008,7515365.5,660751000.0,26978850000.0,93953800000.0001,365716000000.0
train,Q6_TOTAL_STOCKHOLDERS_EQUITY,1612,12,0,0,156,0.0967741935483871,0,-15398000000.0,-1050886575.34,-39012399.99999999,266643500.0,10624394168.660648,47845000000.0,171742107746.18097
train,Q6_NET_INCOME,1373,251,0,0,725,0.528040786598689,1,-6674523000.0,-474491960.0,-89727000.0,-451000.0,569399999.9999964,2566959999.999996,9752000000.0
train,Q6_GROSS_PROFIT,1595,29,0,0,89,0.05579937304075235,73,-404646000.0,-15780540.000000002,-118666.09999999995,35250000.0,2076055999.9999948,9356279999.999992,35197000000.0
train,Q6_COST_OF_REVENUES,1528,96,0,0,66,0.04319371727748691,175,-3065743000.0,-104731910.00000001,0.0,27032000.0,3564099999.999998,15818860000.000021,74963000000.0
train,Q6_REVENUES,1527,97,0,0,3,0.0019646365422396855,33,-307816000.0,0.0,70085.59999999998,100551000.0,5941870000.000001,27728600000.000008,104611000000.0
train,Q6_OPERATING_INCOME,1590,34,0,0,836,0.5257861635220126,0,-6669379000.0,-289540000.0,-72313300.0,-336934.5,842722649.9999996,3058984249.999982,12093000000.0
train,Q6_OPERATING_EXPENSES,1599,25,0,0,2,0.0012507817385866166,0,-25989000.0,168178.58000000002,905295.0,43234000.0,1581599999.999994,7237994419.999997,33783000000.0
train,Q6_EBITDA,1594,30,0,0,877,0.5501882057716436,0,-27157000000.0,-1474120850.0,-180176299.99999997,-707779.0,790549999.9999988,3414399999.9999986,32452000000.0
train,Q6_DEPRECIATION_AND_AMORTIZATION,1586,38,0,0,268,0.16897856242118536,970,-29353000000.0,-1651350000.0,-230453500.0,0.0,82768500.0,867000000.0,31199000000.0
train,Q6_fiscal_year_end,1624,0,0,0,0,0.0,1608,0.0,0.0,0.0,0.0,0.0,0.0,1.0
train,Q7_TOTAL_ASSETS,1476,148,0,0,1221,0.8272357723577236,0,-681624000000.0,-173052750000.0,-37496240500.0,-608517000.0,3460038500.0,61246000000.0,135677000000.0
train,Q7_TOTAL_CURRENT_ASSETS,1470,154,0,0,1197,0.8142857142857143,0,-247262000000.0,-42219710000.0,-9894780600.0,-297420500.0,1523572100.0,20191000000.0,57179000000.0
train,Q7_TOTAL_NONCURRENT_ASSETS,1462,162,0,0,1175,0.8036935704514364,10,-602802000000.0,-131657780000.0,-26769448200.0,-186154500.0,2405496700.0000005,41055000000.0,95871000000.0
train,Q7_TOTAL_LIABILITIES,1485,139,0,0,1209,0.8141414141414142,0,-472900000000.0,-89437920000.0,-23763660000.0,-180831000.0,2047214599.999995,15338000000.0,121483000000.0
train,Q7_TOTAL_CURRENT_LIABILITIES,1469,155,0,0,1183,0.8053097345132744,0,-194384000000.0,-32661720000.0,-7526119999.999999,-71841000.0,864103199.9999988,6562879999.9999895,69702000000.0
train,Q7_TOTAL_NONCURRENT_LIABILITIES,1469,155,0,0,1143,0.7780803267528931,16,-288523876553.4381,-65900679696.69812,-16613399999.999998,-90025395.0,1309982926.8716202,8826000000.0,51781000000.0
train,Q7_TOTAL_LIABILITIES_AND_EQUITY,1483,141,0,0,1227,0.8273769386378962,0,-681624000000.0,-172736700000.0,-37440669999.99999,-603612000.0,3442334099.9999933,61246000000.0,135677000000.0
train,Q7_TOTAL_STOCKHOLDERS_EQUITY,1484,140,0,0,1117,0.7526954177897575,0,-320094123446.5619,-61591990000.0,-12470258649.999998,-238557500.0,1466427900.0,26146235417.85945,56971502805.8831
train,Q7_NET_INCOME,1217,407,0,0,571,0.4691865242399343,1,-3656000000.0,-426068000.0,-99042800.0,1092000.0,623846400.0000005,2911679999.999965,10285000000.0
train,Q7_GROSS_PROFIT,1445,179,0,0,129,0.08927335640138408,54,-24555000000.0,-521192760.0000001,-3895400.0,44706000.0,2463994399.9999986,8056360000.0,65904000000.0
train,Q7_COST_OF_REVENUES,1328,296,0,0,120,0.09036144578313253,120,-24897000000.0,-986928630.0,-11139668.899999987,39154500.0,3586794999.999988,14730805920.000002,55016000000.0
train,Q7_REVENUES,1333,291,0,0,71,0.05326331582895724,24,-27028000000.0,-405009560.0,-102063.39999999915,126744000.0,6579340799.999986,26276000000.00009,93395000000.0
train,Q7_OPERATING_INCOME,1443,181,0,0,681,0.47193347193347196,1,-5028000000.0,-341290811.56,-69316142.5,618975.0,730039999.9999993,2631000000.0,12585000000.0
train,Q7_OPERATING_EXPENSES,1451,173,0,0,56,0.03859407305306685,0,-77062000000.0,-136257500.0,222914.0,47400000.0,1762000000.0,5323145500.0,31237000000.0
train,Q7_EBITDA,1442,182,0,0,725,0.5027739251040222,0,-25342000000.0,-1914778482.77,-249425000.0,-34551.0,936400000.0000024,3940916999.99996,142966000000.0
train,Q7_DEPRECIATION_AND_AMORTIZATION,1433,191,0,0,276,0.19260293091416608,799,-26679000000.0,-2132080000.0,-346657399.99999964,0.0,193799999.99999973,1063356880.0000182,141446000000.0
train,Q7_fiscal_year_end,1624,0,0,0,0,0.0,253,0.0,0.0,0.0,1.0,1.0,1.0,1.0
train,Q8_TOTAL_ASSETS,1593,31,0,0,2,0.0012554927809165098,1,-1189171000.0,146582.08,5466038.400000001,636636000.0,24852463199.999855,96761919999.99994,353457000000.0
train,Q8_TOTAL_CURRENT_ASSETS,1584,40,0,0,2,0.0012626262626262627,0,-326148000.0,75715.58,1272634.85,295088500.0,6962539999.999983,25807530000.0,116888000000.0
train,Q8_TOTAL_NONCURRENT_ASSETS,1577,47,0,0,4,0.0025364616360177552,15,-863023000.0,0.0,742800.0,287902535.0,18828159999.99988,73849360000.00006,313180000000.0
train,Q8_TOTAL_LIABILITIES,1599,25,0,0,1,0.0006253908692933083,3,-551256119.7018663,135785.46000000002,2545985.400000001,268677000.0,14916000000.0,56509620359.54744,236450000000.0
train,Q8_TOTAL_CURRENT_LIABILITIES,1581,43,0,0,2,0.001265022137887413,0,-299794000.0,126015.2,1241070.0,99298000.0,5437000000.0,25049000000.0,97192000000.0
train,Q8_TOTAL_NONCURRENT_LIABILITIES,1581,43,0,0,20,0.01265022137887413,44,-10849847386.669235,-115654.50693356818,89000.0,125826000.0,9197000000.0,36676703509.14586,146113781476.2223
train,Q8_TOTAL_LIABILITIES_AND_EQUITY,1597,27,0,0,2,0.0012523481527864746,1,-1189171000.0,149904.0,5563044.8,635190000.0,24640681599.99981,96729959999.99997,353457000000.0
train,Q8_TOTAL_STOCKHOLDERS_EQUITY,1599,25,0,0,174,0.10881801125703565,2,-14440000000.0,-850967680.0,-29536614.49999999,253502000.0,10127259999.999996,43933000000.0,165985218523.7777
train,Q8_NET_INCOME,1367,257,0,0,654,0.47841989758595466,2,-1857000000.0,-299706540.0,-73401400.0,329000.0,500817700.00000036,4123219999.999997,10591000000.0
train,Q8_GROSS_PROFIT,1575,49,0,0,93,0.05904761904761905,87,-1790000000.0,-15472620.0,-85281.5,36883000.0,1990899999.9999971,10423000000.0,31894000000.0
train,Q8_COST_OF_REVENUES,1484,140,0,0,63,0.04245283018867924,168,-2691146000.0,-93131010.0,0.0,27845500.0,2825230299.9999995,17282000000.0,41962000000.0
train,Q8_REVENUES,1488,136,0,0,4,0.002688172043010753,29,-242528000.0,0.0,85822.55,99669500.0,4456249999.999991,27705000000.0,44288000000.0
train,Q8_OPERATING_INCOME,1569,55,0,0,771,0.491395793499044,2,-2350000000.0,-221879120.0,-56722199.99999999,81764.0,636000000.0,4240719999.999994,12833000000.0
train,Q8_OPERATING_EXPENSES,1581,43,0,0,3,0.0018975332068311196,0,-46443000.0,65712.2,648935.0,40674000.0,1266577000.0,5022453600.000014,25134000000.0
train,Q8_EBITDA,1571,53,0,0,825,0.5251432208784214,3,-19027000000.0,-1334407200.0,-126627500.0,-228000.0,730400000.0,5250399999.999966,28367000000.0
train,Q8_DEPRECIATION_AND_AMORTIZATION,1563,61,0,0,277,0.17722328854766475,953,-20672000000.0,-1602991100.0,-196359999.99999997,0.0,74327099.99999912,1824259999.999997,27822000000.0
train,Q8_fiscal_year_end,1624,0,0,0,0,0.0,1622,0.0,0.0,0.0,0.0,0.0,0.0,1.0
train,Q9_TOTAL_ASSETS,1526,98,0,0,0,0.0,0,1.0,148874.25,6382743.5,626773000.0,26500025000.0,95265250000.0,349190000000.0
train,Q9_TOTAL_CURRENT_ASSETS,1517,107,0,0,0,0.0,0,413.0,143933.04,1234882.4,290060000.0,7248860000.000002,25737839999.999973,119095000000.0
train,Q9_TOTAL_NONCURRENT_ASSETS,1513,111,0,0,5,0.003304692663582287,14,-111941990.0,0.0,712338.8,286271000.0,19927839999.99982,78751319999.99934,313564000000.0
train,Q9_TOTAL_LIABILITIES,1529,95,0,0,2,0.0013080444735120995,1,-1193000.0,263692.7202865472,2735200.000000001,254951767.0,13992599999.999973,61247608000.00014,236450000000.0
train,Q9_TOTAL_CURRENT_LIABILITIES,1513,111,0,0,1,0.0006609385327164573,1,-1162000.0,125810.64,1183786.0000000002,94289000.0,5455999999.999999,23616999999.999992,97192000000.0
train,Q9_TOTAL_NONCURRENT_LIABILITIES,1513,111,0,0,17,0.011235955056179775,33,-11672954462.236734,-37270.06270213735,153270.20000000004,128910000.0,9488999999.99999,38064759999.99997,145130586542.8668
train,Q9_TOTAL_LIABILITIES_AND_EQUITY,1527,97,0,0,0,0.0,0,10.0,182458.44,6885829.899999999,622943000.0,26443650000.00005,95252380000.00002,349190000000.0
train,Q9_TOTAL_STOCKHOLDERS_EQUITY,1528,96,0,0,154,0.10078534031413612,0,-16682000000.0,-755296610.0,-29999949.999999978,230976000.0,10322739999.999994,42259000000.0,163981413457.1332
train,Q9_NET_INCOME,1328,296,0,0,674,0.5075301204819277,0,-1775000000.0,-314348050.0,-83720200.0,-34621.5,446879999.9999996,2293541000.000002,12866000000.0
train,Q9_GROSS_PROFIT,1506,118,0,0,87,0.05776892430278884,94,-23843000000.0,-19264550.0,-49315.0,33556000.0,1761750000.0,6759050000.00002,44853000000.0
train,Q9_COST_OF_REVENUES,1398,226,0,0,55,0.03934191702432046,158,-2085524000.0,-63032869.99999999,0.0,27888500.0,2846725000.0,12490309999.999952,87257000000.0
train,Q9_REVENUES,1401,223,0,0,1,0.0007137758743754461,27,-1488000.0,0.0,100401.0,101117000.0,4580000000.0,18109000000.0,132110000000.0
train,Q9_OPERATING_INCOME,1508,116,0,0,742,0.4920424403183024,1,-2759000000.0,-240787600.0,-58904849.99999996,103172.5,607017949.9999994,2466070000.000006,18278000000.0
train,Q9_OPERATING_EXPENSES,1513,111,0,0,3,0.0019828155981493722,0,-38271673.0,62400.240000000005,634387.8,38303000.0,1272399999.9999971,4960283999.999968,31285000000.0
train,Q9_EBITDA,1504,120,0,0,772,0.5132978723404256,0,-55128000000.0,-1331463970.0,-137340549.99999997,-85887.0,685135699.9999995,2986136280.0000024,27645000000.0
train,Q9_DEPRECIATION_AND_AMORTIZATION,1499,125,0,0,251,0.16744496330887257,920,-58010000000.0,-1200472040.0,-164429999.99999994,0.0,85730900.0,1097000000.0,28063000000.0
train,Q9_fiscal_year_end,1624,0,0,0,0,0.0,1620,0.0,0.0,0.0,0.0,0.0,0.0,1.0
train,Q10_TOTAL_ASSETS,1446,178,0,0,0,0.0,2,0.0,223481.45,6713010.5,647141500.0,29845500000.0,103374049999.9994,345573000000.0
train,Q10_TOTAL_CURRENT_ASSETS,1438,186,0,0,0,0.0,2,0.0,97882.00000000003,1138930.2000000002,292907500.0,7128886949.999959,25336189999.99994,119945000000.0
train,Q10_TOTAL_NONCURRENT_ASSETS,1435,189,0,0,5,0.003484320557491289,16,-27577259.0,0.0,619880.6000000001,300030565.0,21906159999.999985,79466758000.00009,305926000000.0
train,Q10_TOTAL_LIABILITIES,1449,175,0,0,1,0.0006901311249137336,1,-31402.0,342212.3736630296,2968221.0000000005,282234000.0,14527919199.999985,63620383999.99993,236450000000.0
train,Q10_TOTAL_CURRENT_LIABILITIES,1436,188,0,0,0,0.0,0,100.0,126616.3,953594.25,100302500.0,5433000000.0,26612450000.00017,97192000000.0
train,Q10_TOTAL_NONCURRENT_LIABILITIES,1436,188,0,0,18,0.012534818941504178,24,-11434952275.166212,-155534.5205726846,196786.0,140414000.0,9879969750.0,40430350000.00006,144560148278.52487
train,Q10_TOTAL_LIABILITIES_AND_EQUITY,1448,176,0,0,0,0.0,2,0.0,178681.12000000005,6726186.300000001,646218000.0,28221409999.99978,103113829999.99965,345573000000.0
train,Q10_TOTAL_STOCKHOLDERS_EQUITY,1449,175,0,0,144,0.09937888198757763,4,-18058000000.0,-780786840.0,-13469670.399999999,236537000.0,9968313613.603815,40663000000.0,162282851721.47513
train,Q10_NET_INCOME,1305,319,0,0,679,0.5203065134099617,2,-3944000000.0,-423364800.0,-97563000.0,-203624.0,417203999.9999991,2096736000.000004,9497000000.0
train,Q10_GROSS_PROFIT,1423,201,0,0,84,0.059030217849613494,94,-21708000000.0,-30887339.999999996,-50682.2,34371000.0,1649000000.0,9192615999.999987,29572000000.0
train,Q10_COST_OF_REVENUES,1321,303,0,0,55,0.041635124905374715,150,-1880579000.0,-62650000.0,0.0,29869000.0,3868511000.0,20354799999.999836,66177000000.0
train,Q10_REVENUES,1325,299,0,0,2,0.0015094339622641509,30,-4500000.0,0.0,72474.40000000001,105079000.0,6065179999.999994,27502519999.999985,92400000000.0
train,Q10_OPERATING_INCOME,1427,197,0,0,727,0.5094604064470918,0,-4475000000.0,-325307520.0,-77442500.00000001,-54815.0,636790000.0000005,2857500000.000001,11378000000.0
train,Q10_OPERATING_EXPENSES,1430,194,0,0,3,0.002097902097902098,0,-1439000.0,38321.11,594064.3,38214000.0,1581719199.9999998,6201200000.000001,29197000000.0
train,Q10_EBITDA,1421,203,0,0,760,0.5348346235045742,0,-50905000000.0,-1612000000.0,-211596000.0,-286224.0,755217000.0,3177914999.9999895,26568000000.0
train,Q10_DEPRECIATION_AND_AMORTIZATION,1419,205,0,0,245,0.1726568005637773,849,-54182000000.0,-1549054000.0,-210045199.9999999,0.0,117139699.9999998,1051069419.9999989,25514000000.0
train,Q10_fiscal_year_end,1624,0,0,0,0,0.0,1616,0.0,0.0,0.0,0.0,0.0,0.0,1.0
test,Id,406,0,0,0,0,0.0,0,2.0,20.699999999999996,124.5,1045.0,1945.75,2007.95,2026.0
test,fullTimeEmployees,384,22,0,0,0,0.0,0,2.0,4.0,14.150000000000002,838.0,33699.999999999935,111004.00000000017,339341.0
test,auditRisk,274,132,0,0,0,0.0,0,1.0,1.0,1.0,6.0,10.0,10.0,10.0
test,boardRisk,274,132,0,0,0,0.0,0,1.0,1.0,1.0,6.0,10.0,10.0,10.0
test,compensationRisk,274,132,0,0,0,0.0,0,1.0,1.0,1.0,6.0,10.0,10.0,10.0
test,shareHolderRightsRisk,274,132,0,0,0,0.0,0,1.0,1.0,1.0,6.0,10.0,10.0,10.0
test,overallRisk,274,132,0,0,0,0.0,0,1.0,1.0,1.0,6.0,10.0,10.0,10.0
test,trailingPE,189,217,2,0,0,0.0,0,1.0495382e-05,0.006329650468000001,3.60764974,20.769232,149.79332499999984,817.9495339999872,2199.0
test,forwardPE,352,54,2,0,132,0.37714285714285717,0,-844.5,-194.8180866,-23.423096100000002,9.5787725,53.17856960000004,163.9180389999999,384.0
test,floatShares,402,4,0,0,0,0.0,0,658244.0,1091920.06,2305018.9,44199334.0,745562688.3999982,1602615521.8200026,8945317838.0
test,sharesOutstanding,402,4,0,0,0,0.0,0,367354.0,1563928.9,4272598.5,60430950.0,856317119.9999981,1613332032.000002,9028740096.0
test,trailingEps,395,11,0,0,208,0.5265822784810127,0,-455.0,-29.907600000000002,-9.460999999999999,-0.04,11.29599999999999,33.21580000000001,2382.0
test,forwardEps,350,56,0,0,132,0.37714285714285717,0,-46.49,-11.004,-3.572,0.42,11.741500000000004,33.28329999999996,422.87
test,targetHighPrice,323,83,0,0,0,0.0,0,0.3,1.6880000000000002,3.0500000000000007,30.0,296.9999999999993,766.579999999997,7930.0
test,targetLowPrice,323,83,0,0,0,0.0,0,0.3,0.65,1.5250000000000004,15.6,188.5999999999999,547.1399999999996,6300.0
test,targetMeanPrice,323,83,0,0,0,0.0,0,0.3,1.4922,2.5130000000000003,22.4,248.2419999999996,646.6025999999996,7232.0
test,targetMedianPrice,323,83,0,0,0,0.0,0,0.3,1.1563999999999999,2.5,22.0,247.99999999999955,632.7999999999997,7430.0
test,recommendationMean,350,56,0,0,0,0.0,0,1.0,1.0,1.5,2.1,3.0,3.6509999999999994,4.0
test,numberOfAnalystOpinions,323,83,0,0,0,0.0,0,1.0,1.0,1.0,6.0,23.0,28.0,38.0
test,totalCash,400,6,0,0,0,0.0,0,692.0,5994.4400000000005,140299.95000000004,93094500.0,1952399999.999985,11155830446.079954,34740998144.0
test,totalCashPerShare,387,19,0,0,0,0.0,0,0.001,0.001,0.039,1.619,14.095299999999993,27.672659999999937,904.869
test,ebitda,397,9,0,0,177,0.44584382871536526,0,-1214903040.0,-597433758.72,-172736595.2,10244000.0,4410666188.799994,15842200371.200054,36330000384.0
test,totalDebt,390,16,0,0,0,0.0,0,10000.0,94288.73000000001,473050.0000000001,118043000.0,12946765004.799976,60695588741.120026,98090000384.0
test,totalRevenue,394,12,0,0,0,0.0,0,455.0,17288.71,467451.10000000027,405759488.0,21710249779.19999,52983420026.87999,371621986304.0
test,revenuePerShare,388,18,0,0,0,0.0,0,0.001,0.002,0.029,8.722999999999999,130.67264999999995,381.58043999999995,3066.938
test,freeCashflow,398,8,0,0,188,0.4723618090452261,0,-4475250176.0,-1279286691.8399997,-337888566.4,717312.5,1759969369.5999997,8996951336.959917,18097000448.0
test,operatingCashflow,401,5,0,0,173,0.4314214463840399,0,-2272640000.0,-538728000.0,-140903008.0,8928170.0,2960000000.0,14110000128.0,29067999232.0
test,revenueGrowth,372,34,0,0,164,0.44086021505376344,0,-0.986,-0.9188000000000001,-0.59725,0.034,2.361549999999993,40.698790000000095,1762.989
test,Q0_fiscal_year_end,406,0,0,0,0,0.0,403,0.0,0.0,0.0,0.0,0.0,0.0,1.0
test,Q1_TOTAL_ASSETS,406,0,0,0,8,0.019704433497536946,0,-186341000000.0,-5220693650.000001,3125287.0,599609000.0,31984278000.0,145190049999.9999,280164000000.0
test,Q1_TOTAL_CURRENT_ASSETS,401,5,0,0,8,0.0199501246882793,0,-51222000000.0,-1726300000.0,806000.0,252338000.0,7454777000.0,47000000000.0,116476000000.0
test,Q1_TOTAL_NONCURRENT_ASSETS,401,5,0,0,8,0.0199501246882793,0,-135119000000.0,-1989456000.0,365652.0,238000000.0,28134000000.0,139408000000.0,190295000000.0
test,Q1_TOTAL_LIABILITIES,405,1,0,0,8,0.019753086419753086,0,-81488000000.0,-1785741920.0,2293831.6000000006,250818000.0,19222147291.572666,87453867269.82701,212717000000.0
test,Q1_TOTAL_CURRENT_LIABILITIES,400,6,0,0,8,0.02,0,-33885000000.0,-980815029.9999994,1543095.7000000002,90456500.0,4590369999.999999,27261339999.999928,112981000000.0
test,Q1_TOTAL_NONCURRENT_LIABILITIES,400,6,0,0,15,0.0375,3,-47603000000.0,-1017972929.9999976,46150.0000000001,102511500.0,15171000000.0,65356135284.35844,115851000000.0
test,Q1_TOTAL_LIABILITIES_AND_EQUITY,405,1,0,0,8,0.019753086419753086,0,-186341000000.0,-5272442120.0,3117229.6000000006,602054000.0,32008963199.999977,145275039999.99982,280164000000.0
test,Q1_TOTAL_STOCKHOLDERS_EQUITY,405,1,0,0,44,0.10864197530864197,0,-104510000000.0,-2693384000.0,-121521199.99999985,238160000.0,11605303090.70668,54923119999.99989,174085454919.20468
test,Q1_NET_INCOME,336,70,0,0,164,0.4880952380952381,0,-8736000000.0,-1851550000.0,-81463500.0,170335.0,344188250.0,1445299999.9999976,5474000000.0
test,Q1_GROSS_PROFIT,404,2,0,0,25,0.06188118811881188,15,-668000000.0,-30704930.0,-140347.94999999998,31619760.0,1832579999.9999957,5572760000.0,83155000000.0
test,Q1_COST_OF_REVENUES,397,9,0,0,20,0.05037783375314862,46,-1032000000.0,-59423680.0,-199.9999999999993,22409000.0,3209159999.9999986,8368480000.00003,53536000000.0
test,Q1_REVENUES,397,9,0,0,1,0.0025188916876574307,13,-2481000.0,0.0,9200.000000000004,78000000.0,5135199999.999999,13774440000.00006,92903000000.0
test,Q1_OPERATING_INCOME,404,2,0,0,205,0.5074257425742574,0,-8421000000.0,-1675599999.9999998,-82807250.0,-68022.5,488099999.9999998,3223019999.999989,8057000000.0
test,Q1_OPERATING_EXPENSES,404,2,0,0,1,0.0024752475247524753,0,-5284884.0,120844.42000000003,1064937.7000000002,41649500.0,1361999999.9999974,5579489999.999976,85687000000.0
test,Q1_EBITDA,404,2,0,0,225,0.556930693069307,1,-50302000000.0,-1541739999.9999998,-147063450.0,-789170.0,522899999.9999995,3231269999.9999914,69346000000.0
test,Q1_DEPRECIATION_AND_AMORTIZATION,404,2,0,0,68,0.16831683168316833,240,-53536000000.0,-2289725499.9999995,-102727399.99999999,0.0,129199999.9999996,1900069999.9999843,61289000000.0
test,Q1_fiscal_year_end,406,0,0,0,0,0.0,398,0.0,0.0,0.0,0.0,0.0,1.0,1.0
test,Q2_TOTAL_ASSETS,406,0,0,0,13,0.03201970443349754,0,-44936000000.0,-6059188750.0,1171981.0,530948000.0,34750694750.0,144364299999.99988,283679000000.0
test,Q2_TOTAL_CURRENT_ASSETS,401,5,0,0,13,0.032418952618453865,0,-12739100000.0,-4606900000.0,447877.0,250376000.0,8216000000.0,45660000000.0,116476000000.0
test,Q2_TOTAL_NONCURRENT_ASSETS,401,5,0,0,13,0.032418952618453865,0,-38788700000.0,-1599559000.0,124765.0,201785000.0,31267196000.0,136989000000.0,189784000000.0
test,Q2_TOTAL_LIABILITIES,406,0,0,0,13,0.03201970443349754,0,-28774200000.0,-3347114050.0000005,1971926.0,216055500.0,19767000000.0,87181030477.83324,212717000000.0
test,Q2_TOTAL_CURRENT_LIABILITIES,402,4,0,0,13,0.03233830845771144,0,-9128300000.0,-2295731840.0000005,1278974.25,75145500.0,5234649999.999995,27266350000.000114,116482000000.0
test,Q2_TOTAL_NONCURRENT_LIABILITIES,402,4,0,0,19,0.0472636815920398,1,-19645900000.0,-1107450970.0,1450.0000000000064,101142500.0,14065950000.0,64553666388.19091,115851000000.0
test,Q2_TOTAL_LIABILITIES_AND_EQUITY,406,0,0,0,13,0.03201970443349754,0,-44936000000.0,-6059188750.0,1171981.0,530948000.0,34750694750.0,144364299999.99988,283679000000.0
test,Q2_TOTAL_STOCKHOLDERS_EQUITY,406,0,0,0,54,0.1330049261083744,0,-30917000000.0,-3623188550.0,-326831000.0,220122000.0,11304533709.657274,54531349999.99996,176269569844.89465
test,Q2_NET_INCOME,333,73,0,0,180,0.5405405405405406,0,-2758000000.0,-981999999.9999999,-114799999.99999996,-786000.0,512399999.99999994,1771985600.0000052,5611000000.0
test,Q2_GROSS_PROFIT,402,4,0,0,23,0.05721393034825871,18,-1206000000.0,-32854640.0,-55625.19999999998,31257000.0,1894539999.999999,5994340000.000009,82526000000.0
test,Q2_COST_OF_REVENUES,393,13,0,0,19,0.04834605597964377,48,-1041000000.0,-64023640.0,0.0,21626000.0,3411399999.9999995,7842839999.999973,51455000000.0
test,Q2_REVENUES,394,12,0,0,1,0.0025380710659898475,13,-4692098.0,0.0,22548.950000000004,86408500.0,4843899999.999997,13754219999.99999,91931000000.0
test,Q2_OPERATING_INCOME,403,3,0,0,220,0.5459057071960298,0,-2303000000.0,-346100000.0,-87774600.0,-446162.0,734519999.9999999,2727820000.000003,8086000000.0
test,Q2_OPERATING_EXPENSES,402,4,0,0,2,0.004975124378109453,0,-4033475.0,133137.56,1103427.95,42109500.0,1473639999.9999998,5261010000.000001,81832000000.0
test,Q2_EBITDA,401,5,0,0,231,0.5760598503740648,0,-48009000000.0,-1468000000.0,-233957000.0,-903194.0,716208000.0,2868000000.0,68901000000.0
test,Q2_DEPRECIATION_AND_AMORTIZATION,401,5,0,0,67,0.16708229426433915,242,-51455000000.0,-1988000000.0,-131969000.0,0.0,70000000.0,866000000.0,60815000000.0
test,Q2_fiscal_year_end,406,0,0,0,0,0.0,393,0.0,0.0,0.0,0.0,0.0,1.0,1.0
test,Q3_TOTAL_ASSETS,402,4,0,0,368,0.9154228855721394,0,-514070000000.0,-257786970000.00003,-43671700000.0,-773066000.0,1208780549.999999,67873370000.0,174841000000.0
test,Q3_TOTAL_CURRENT_ASSETS,399,7,0,0,363,0.9097744360902256,0,-217992000000.0,-40590520000.0,-13128610499.999998,-459424000.0,495396799.9999929,18592339999.99992,49263000000.0
test,Q3_TOTAL_NONCURRENT_ASSETS,397,9,0,0,363,0.9143576826196473,0,-339805000000.0,-241011560000.0,-32500119999.999996,-297590000.0,540849199.9999988,45290520000.000175,125578000000.0
test,Q3_TOTAL_LIABILITIES,404,2,0,0,364,0.900990099009901,0,-416826000000.0,-151216044361.26837,-28518196500.0,-261655000.0,801067299.999994,20876308999.99993,82772507391.47493
test,Q3_TOTAL_CURRENT_LIABILITIES,399,7,0,0,359,0.899749373433584,0,-188566000000.0,-27360280000.0,-7875399999.999998,-115015000.0,360456399.99999994,6698219999.999993,27813000000.0
test,Q3_TOTAL_NONCURRENT_LIABILITIES,398,8,0,0,349,0.8768844221105527,0,-235372000000.0,-105520119000.86397,-21194250000.0,-113887372.60533664,439616849.9999993,12444064144.803766,54959507391.47493
test,Q3_TOTAL_LIABILITIES_AND_EQUITY,403,3,0,0,369,0.9156327543424317,0,-514070000000.0,-257051939999.99997,-43517399999.99999,-773720000.0,1204595099.999998,67872740000.0,174841000000.0
test,Q3_TOTAL_STOCKHOLDERS_EQUITY,405,1,0,0,335,0.8271604938271605,0,-278851513822.7487,-97875120000.0,-14359999999.999998,-379906209.96630776,1683797599.9999993,48876630382.823456,99885000000.0
test,Q3_NET_INCOME,314,92,0,0,160,0.5095541401273885,0,-17366000000.0,-622889740.0,-169459150.0,-142429.5,534932349.9999985,1699504340.0000005,4761000000.0
test,Q3_GROSS_PROFIT,392,14,0,0,45,0.11479591836734694,11,-5493000000.0,-428749999.99999994,-3574049.9999999995,29899500.0,2138339999.9999983,7135069999.999885,74473000000.0
test,Q3_COST_OF_REVENUES,370,36,0,0,22,0.05945945945945946,34,-1037000000.0,-95715630.0,-280750.00000000023,27796500.0,3246200000.000001,9517550000.000006,51728000000.0
test,Q3_REVENUES,371,35,0,0,16,0.0431266846361186,6,-2632465000.0,-128456200.0,0.0,87433000.0,5418031500.0,18610000000.000103,83846000000.0
test,Q3_OPERATING_INCOME,391,15,0,0,202,0.5166240409207161,0,-17112000000.0,-665781500.0,-135170500.0,-145701.0,587141500.0,2871700000.0000043,14225000000.0
test,Q3_OPERATING_EXPENSES,393,13,0,0,5,0.01272264631043257,0,-2687979000.0,-4705160.000000002,855654.6,45378000.0,1583999999.9999993,6985879999.999985,210584000000.0
test,Q3_EBITDA,391,15,0,0,219,0.5601023017902813,0,-178466000000.0,-3918500000.0,-268002000.0,-781000.0,663800000.0,2916439000.0000033,61464000000.0
test,Q3_DEPRECIATION_AND_AMORTIZATION,388,18,0,0,71,0.18298969072164947,222,-182084000000.0,-2416939999.9999995,-144046800.0,0.0,147399999.99999964,1269621849.999997,54573000000.0
test,Q3_fiscal_year_end,406,0,0,0,0,0.0,32,0.0,0.0,0.0,1.0,1.0,1.0,1.0
test,Q4_TOTAL_ASSETS,404,2,0,0,0,0.0,1,0.0,1115205.85,8628768.65,652732000.0,35432584599.999916,143379079999.99973,257035000000.0
test,Q4_TOTAL_CURRENT_ASSETS,400,6,0,0,0,0.0,1,0.0,138047.6,1997057.9000000004,284599000.0,9399899999.999983,42657109999.99992,108996000000.0
test,Q4_TOTAL_NONCURRENT_ASSETS,400,6,0,0,1,0.0025,1,-13612000.0,28846.780000000002,586738.05,275111949.5,30310808249.999977,123804729999.99985,162871000000.0
test,Q4_TOTAL_LIABILITIES,404,2,0,0,0,0.0,0,227418.0,1015368.2200000001,2896598.8916298,277258500.0,19407243541.723934,80544270289.03714,208413000000.0
test,Q4_TOTAL_CURRENT_LIABILITIES,400,6,0,0,0,0.0,0,14545.0,478766.91000000003,1674839.7,89398000.0,5759349999.999988,27247839999.999973,100935000000.0
test,Q4_TOTAL_NONCURRENT_LIABILITIES,399,7,0,0,6,0.015037593984962405,5,-132368729.9997282,-1902244.401223174,129419.00000000006,136670000.0,12795949027.815964,59315966027.09273,117686000000.0
test,Q4_TOTAL_LIABILITIES_AND_EQUITY,404,2,0,0,0,0.0,1,0.0,1115205.85,8628768.65,652732000.0,35432584599.999916,143379079999.99973,257035000000.0
test,Q4_TOTAL_STOCKHOLDERS_EQUITY,405,1,0,0,38,0.09382716049382717,1,-2579000000.0,-814029600.0,-21153799.999999985,255108000.0,12162099716.99958,55069119999.99995,151032634508.65054
test,Q4_NET_INCOME,346,60,0,0,171,0.49421965317919075,1,-3416000000.0,-377050000.0,-117677250.0,20559.0,443578500.0,2534050000.000008,8687000000.0
test,Q4_GROSS_PROFIT,399,7,0,0,24,0.06015037593984962,16,-155225000.0,-19908900.0,-41899.99999999998,32531000.0,2339751499.999999,11225539999.99995,72588000000.0
test,Q4_COST_OF_REVENUES,386,20,0,0,18,0.046632124352331605,42,-1052000000.0,-67165300.0,0.0,21780956.0,3233250000.0,16860000000.0,50365000000.0
test,Q4_REVENUES,386,20,0,0,0,0.0,12,0.0,0.0,30860.5,88593500.0,5601229000.0,30758000000.0,81159000000.0
test,Q4_OPERATING_INCOME,397,9,0,0,197,0.49622166246851385,0,-3931000000.0,-282720000.0,-66285400.0,48476.0,854995399.9999995,3666920000.0000014,9702000000.0
test,Q4_OPERATING_EXPENSES,401,5,0,0,0,0.0,0,7462.0,187537.0,1185000.0,39392000.0,1622200000.0,6287000000.0,85090000000.0
test,Q4_EBITDA,399,7,0,0,219,0.5488721804511278,0,-54296000000.0,-963066000.0,-186910799.99999997,-649035.0,774770199.9999987,3665459999.9999986,60925000000.0
test,Q4_DEPRECIATION_AND_AMORTIZATION,397,9,0,0,69,0.17380352644836272,239,-50365000000.0,-1339400000.0,-122232199.99999999,0.0,89999999.99999985,1192880000.0000153,53463000000.0
test,Q4_fiscal_year_end,406,0,0,0,0,0.0,406,0.0,0.0,0.0,0.0,0.0,0.0,0.0
test,Q5_TOTAL_ASSETS,405,1,0,0,3,0.007407407407407408,0,-245099000.0,279668.08,5831321.600000001,619403000.0,35254310199.99988,142758439999.99976,257035000000.0
test,Q5_TOTAL_CURRENT_ASSETS,401,5,0,0,3,0.007481296758104738,0,-190620000.0,74925.0,1170740.0,288001000.0,8768000000.0,41982000000.0,108996000000.0
test,Q5_TOTAL_NONCURRENT_ASSETS,401,5,0,0,3,0.007481296758104738,0,-54479000.0,2677.0,616080.0,246305000.0,29986000000.0,120988000000.0,168137000000.0
test,Q5_TOTAL_LIABILITIES,405,1,0,0,3,0.007407407407407408,0,-48287000.0,114310.43772198241,2296800.0000000005,276108000.0,19777648695.723118,83189475526.73576,208413000000.0
test,Q5_TOTAL_CURRENT_LIABILITIES,400,6,0,0,3,0.0075,0,-31362000.0,41382.86000000001,1460041.7,90987500.0,5590349999.999991,28966589999.999996,90727000000.0
test,Q5_TOTAL_NONCURRENT_LIABILITIES,399,7,0,0,7,0.017543859649122806,6,-547807759.7614069,-1711205.601884151,135500.00000000006,131990000.0,12668839699.999987,60431826181.21691,117686000000.0
test,Q5_TOTAL_LIABILITIES_AND_EQUITY,405,1,0,0,3,0.007407407407407408,0,-245099000.0,279668.08,5831321.600000001,619403000.0,35254310199.99988,142758439999.99976,257035000000.0
test,Q5_TOTAL_STOCKHOLDERS_EQUITY,406,0,0,0,43,0.10591133004926108,1,-2326800000.0,-816511400.0,-35481185.75,250459000.0,11427590384.010586,55193899999.99997,143021934758.43857
test,Q5_NET_INCOME,343,63,0,0,174,0.5072886297376094,1,-1834000000.0,-339484320.0,-122140000.0,-170001.0,649099999.9999985,3910485879.999974,8113000000.0
test,Q5_GROSS_PROFIT,400,6,0,0,28,0.07,18,-854000000.0,-56923340.0,-418443.6999999986,28143500.0,2557149999.999997,9265759999.99998,71736000000.0
test,Q5_COST_OF_REVENUES,379,27,0,0,16,0.04221635883905013,39,-1018000000.0,-67731440.0,0.0,24947000.0,3388399999.9999914,10012399999.999994,49290000000.0
test,Q5_REVENUES,379,27,0,0,0,0.0,10,0.0,0.0,65520.70000000002,94413000.0,6344999999.999997,20122543999.999847,80636000000.0
test,Q5_OPERATING_INCOME,398,8,0,0,206,0.5175879396984925,0,-1473000000.0,-251804389.99999997,-97778500.0,-155834.0,982679999.9999952,4347839999.999993,7132000000.0
test,Q5_OPERATING_EXPENSES,401,5,0,0,2,0.004987531172069825,0,-20331926.0,73811.0,854178.0,39000000.0,1710000000.0,8193000000.0,11709000000.0
test,Q5_EBITDA,399,7,0,0,218,0.5463659147869674,0,-7434000000.0,-1655568000.0,-175127599.99999997,-621317.0,969843699.9999903,4361816439.999981,60027000000.0
test,Q5_DEPRECIATION_AND_AMORTIZATION,397,9,0,0,66,0.16624685138539042,238,-7607000000.0,-1683504000.0,-108696199.99999999,0.0,107325599.9999999,1268080000.0,52895000000.0
test,Q5_fiscal_year_end,406,0,0,0,0,0.0,403,0.0,0.0,0.0,0.0,0.0,0.0,1.0
test,Q6_TOTAL_ASSETS,404,2,0,0,3,0.007425742574257425,0,-4549689000.0,176227.27,5880667.050000001,583467500.0,32844057549.99993,143488729999.99954,257035000000.0
test,Q6_TOTAL_CURRENT_ASSETS,399,7,0,0,3,0.007518796992481203,0,-4208914000.0,30329.28,1085375.4000000004,277014000.0,8575599999.999994,42944679999.99966,108996000000.0
test,Q6_TOTAL_NONCURRENT_ASSETS,399,7,0,0,3,0.007518796992481203,0,-340775000.0,3959.9,624001.4000000001,248912000.0,27632599999.999924,119723799999.99965,171390000000.0
test,Q6_TOTAL_LIABILITIES,404,2,0,0,3,0.007425742574257425,0,-789707000.0,144251.5763523107,2136067.1,259834361.71517843,17525767744.411583,79420881554.24088,208413000000.0
test,Q6_TOTAL_CURRENT_LIABILITIES,399,7,0,0,3,0.007518796992481203,0,-642922000.0,61833.76,1373292.9000000006,79532000.0,5659219999.999998,29532800000.0,90727000000.0
test,Q6_TOTAL_NONCURRENT_LIABILITIES,398,8,0,0,9,0.022613065326633167,6,-792137963.6551037,-10501531.99603364,33969.25000000002,107347000.0,12368185549.999983,55630978445.746185,117686000000.0
test,Q6_TOTAL_LIABILITIES_AND_EQUITY,404,2,0,0,3,0.007425742574257425,0,-4549689000.0,176227.27,5880667.050000001,583467500.0,32844057549.99993,143488729999.99954,257035000000.0
test,Q6_TOTAL_STOCKHOLDERS_EQUITY,405,1,0,0,38,0.09382716049382717,1,-3759982000.0,-839785920.0,-24589702.0,251755000.0,11650777955.557045,52426079999.99994,137470616765.23395
test,Q6_NET_INCOME,341,65,0,0,183,0.5366568914956011,0,-1891000000.0,-405140400.0,-105025000.0,-545814.0,599000000.0,2263000000.0,6823000000.0
test,Q6_GROSS_PROFIT,394,12,0,0,28,0.07106598984771574,19,-1095214000.0,-41894299.99999999,-213212.49999999997,25843500.0,2364749999.9999986,7947908999.999979,71662000000.0
test,Q6_COST_OF_REVENUES,374,32,0,0,17,0.045454545454545456,37,-1024000000.0,-32085960.0,0.0,23568000.0,3293249999.9999843,10066059999.999966,45509000000.0
test,Q6_REVENUES,375,31,0,0,1,0.0026666666666666666,9,-579110000.0,0.0,80812.69999999998,80466000.0,5413200000.000005,21045591999.999935,80149000000.0
test,Q6_OPERATING_INCOME,393,13,0,0,216,0.549618320610687,0,-1888266000.0,-374482960.0,-97354000.0,-713166.0,1102399999.9999995,2797959999.9999948,6950000000.0
test,Q6_OPERATING_EXPENSES,396,10,0,0,2,0.005050505050505051,0,-13063333.0,55719.450000000004,823750.0,38798500.0,1774106500.0,5539345000.000005,11401000000.0
test,Q6_EBITDA,393,13,0,0,229,0.5826972010178118,0,-4838000000.0,-1190445200.0,-172364800.0,-1000058.0,1153038799.9999986,3413000000.0,60261000000.0
test,Q6_DEPRECIATION_AND_AMORTIZATION,391,15,0,0,62,0.1585677749360614,236,-5097000000.0,-1061600000.0,-110657000.0,0.0,70677000.0,867000000.0,53311000000.0
test,Q6_fiscal_year_end,406,0,0,0,0,0.0,402,0.0,0.0,0.0,0.0,0.0,0.0,1.0
test,Q7_TOTAL_ASSETS,357,49,0,0,293,0.8207282913165266,0,-534522000000.0,-267397480000.0,-38782394400.0,-560260927.0,6311840799.9999895,67548559999.99997,154597000000.0
test,Q7_TOTAL_CURRENT_ASSETS,351,55,0,0,286,0.8148148148148148,0,-233488000000.0,-64679000000.0,-10545636000.0,-296553000.0,2142662500.0,18388500000.0,49372000000.0
test,Q7_TOTAL_NONCURRENT_ASSETS,351,55,0,0,281,0.8005698005698005,0,-349550000000.0,-255545000000.0,-33800750000.0,-99571577.0,3966557000.0,50019500000.0,105225000000.0
test,Q7_TOTAL_LIABILITIES,357,49,0,0,292,0.8179271708683473,0,-472900000000.0,-166471087285.2578,-28223486200.0,-132637658.0,4391168799.999999,29806807999.99996,73188676141.17883
test,Q7_TOTAL_CURRENT_LIABILITIES,352,54,0,0,285,0.8096590909090909,0,-194384000000.0,-39962470000.0,-7510650000.0,-57072850.5,1370630349.9999967,7144590000.000011,24836000000.0
test,Q7_TOTAL_NONCURRENT_LIABILITIES,351,55,0,0,276,0.7863247863247863,3,-278516000000.0,-124252042218.98018,-22364600000.0,-51122000.0,2101274132.9014888,23047550000.0,48352676141.17883
test,Q7_TOTAL_LIABILITIES_AND_EQUITY,355,51,0,0,291,0.819718309859155,0,-534522000000.0,-268114320000.0,-38959095100.0,-574716000.0,6400897200.0000105,67835039999.99971,154597000000.0
test,Q7_TOTAL_STOCKHOLDERS_EQUITY,356,50,0,0,260,0.7303370786516854,0,-258677499799.3131,-87185180798.32668,-13242250000.0,-170763225.0,2905554500.0,45908000000.0,85207000000.0
test,Q7_NET_INCOME,296,110,0,0,149,0.5033783783783784,0,-1001000000.0,-392856650.0,-123268250.0,-5600.5,963450000.0,2306000000.0,5061000000.0
test,Q7_GROSS_PROFIT,341,65,0,0,34,0.09970674486803519,13,-40634000000.0,-706451400.0,-3388314.0,42185000.0,2761000000.0,13805200000.0001,65743000000.0
test,Q7_COST_OF_REVENUES,320,86,0,0,26,0.08125,26,-2205697000.0,-933461460.0,-877149.9999999994,44226000.0,3501565750.0000005,10491430000.000002,55016000000.0
test,Q7_REVENUES,320,86,0,0,13,0.040625,7,-30631000000.0,-2113798090.0,0.0,115889000.0,5347815000.0,25062360000.00001,76604000000.0
test,Q7_OPERATING_INCOME,341,65,0,0,170,0.49853372434017595,0,-571739000.0,-211170400.0,-102564000.0,51914.0,1311000000.0,3258400000.0000114,8519000000.0
test,Q7_OPERATING_EXPENSES,342,64,0,0,5,0.014619883040935672,0,-209616000.0,-5844849.999999999,809400.0000000001,55030500.0,1987567249.9999993,7179469999.999954,190394000000.0
test,Q7_EBITDA,339,67,0,0,184,0.5427728613569321,0,-160168000000.0,-4279280000.0,-343911399.99999994,-898000.0,1345625099.9999974,4753320000.00001,54471000000.0
test,Q7_DEPRECIATION_AND_AMORTIZATION,337,69,0,0,64,0.18991097922848665,185,-162397000000.0,-4433800000.0,-534600000.0,0.0,114599999.99999963,846592959.9999988,48930000000.0
test,Q7_fiscal_year_end,406,0,0,0,0,0.0,62,0.0,0.0,0.0,1.0,1.0,1.0,1.0
test,Q8_TOTAL_ASSETS,402,4,0,0,0,0.0,1,0.0,216957.3,4979264.95,496250500.0,33377674999.99999,142348660000.00012,267261000000.0
test,Q8_TOTAL_CURRENT_ASSETS,396,10,0,0,0,0.0,1,0.0,156195.90000000002,1308143.0,269249800.0,8266500000.0,42087000000.000046,116744000000.0
test,Q8_TOTAL_NONCURRENT_ASSETS,396,10,0,0,0,0.0,2,0.0,10125.25,765397.0,250030315.0,26964750000.0,119227500000.00024,174049000000.0
test,Q8_TOTAL_LIABILITIES,402,4,0,0,0,0.0,1,0.0,887865.9299999999,3140690.55,237153000.0,18548678884.85161,75535900073.04291,236450000000.0
test,Q8_TOTAL_CURRENT_LIABILITIES,396,10,0,0,0,0.0,0,6656.0,94022.20000000001,1438955.75,78452000.0,5552250000.0,24242250000.00002,97192000000.0
test,Q8_TOTAL_NONCURRENT_LIABILITIES,396,10,0,0,9,0.022727272727272728,9,-579968774.5067053,-2448648.3196343756,9934.25,86849764.09310013,13167250000.0,59063180888.5458,139258000000.0
test,Q8_TOTAL_LIABILITIES_AND_EQUITY,402,4,0,0,0,0.0,1,0.0,216957.3,4979264.95,496250500.0,33377674999.99999,142348660000.00012,267261000000.0
test,Q8_TOTAL_STOCKHOLDERS_EQUITY,403,3,0,0,47,0.11662531017369727,0,-1642700000.0,-574716500.0,-34178353.5,239279000.0,11452999999.999992,51458060000.00002,132379733810.41805
test,Q8_NET_INCOME,351,55,0,0,179,0.50997150997151,0,-2836000000.0,-352000000.0,-101081500.0,-137316.0,538000000.0,2622500000.0,5861000000.0
test,Q8_GROSS_PROFIT,392,14,0,0,21,0.05357142857142857,23,-1959735000.0,-64655619.99999999,-83999.99999999996,23659500.0,1999814699.9999995,10461789999.999989,64535000000.0
test,Q8_COST_OF_REVENUES,367,39,0,0,18,0.04904632152588556,37,-992000000.0,-55660800.0,0.0,22180000.0,2863999999.9999986,17282000000.0,45011000000.0
test,Q8_REVENUES,368,38,0,0,2,0.005434782608695652,11,-1464838000.0,0.0,35225.00000000001,70752000.0,4752163749.999999,27705000000.0,73794000000.0
test,Q8_OPERATING_INCOME,393,13,0,0,197,0.5012722646310432,0,-2609526000.0,-318611920.0,-87008000.0,-7853.0,850179999.9999996,3111639999.99999,6283000000.0
test,Q8_OPERATING_EXPENSES,395,11,0,0,1,0.002531645569620253,0,-101900000.0,98646.68,632766.4000000004,35168000.0,1350481399.9999983,4778040000.000006,70733000000.0
test,Q8_EBITDA,391,15,0,0,209,0.5345268542199488,0,-41950000000.0,-2013663200.0,-136117000.0,-354917.0,859500000.0,3434800000.0000067,53810000000.0
test,Q8_DEPRECIATION_AND_AMORTIZATION,389,17,0,0,64,0.16452442159383032,233,-45011000000.0,-1344920000.0000002,-80732600.0,0.0,93238399.99999958,1142600000.0000043,48098000000.0
test,Q8_fiscal_year_end,406,0,0,0,0,0.0,406,0.0,0.0,0.0,0.0,0.0,0.0,0.0
test,Q9_TOTAL_ASSETS,378,28,0,0,0,0.0,1,0.0,223494.35,5326702.55,564127417.5,34009249999.999954,144310050000.00003,267261000000.0
test,Q9_TOTAL_CURRENT_ASSETS,372,34,0,0,0,0.0,1,0.0,55079.78,903180.6,276394500.0,8177849999.999997,38571690000.00013,116744000000.0
test,Q9_TOTAL_NONCURRENT_ASSETS,372,34,0,0,1,0.002688172043010753,2,-11836622.0,10666.68,616951.8500000001,280636361.0,31201625949.99997,123022520000.00047,174605000000.0
test,Q9_TOTAL_LIABILITIES,378,28,0,0,0,0.0,1,0.0,222381.35443673033,3065433.85,268645964.5987828,20115869999.999966,80180902290.37419,236450000000.0
test,Q9_TOTAL_CURRENT_LIABILITIES,371,35,0,0,0,0.0,0,33670.0,332700.9,1273190.0,86852000.0,5044100000.0,23730800000.00006,97192000000.0
test,Q9_TOTAL_NONCURRENT_LIABILITIES,371,35,0,0,8,0.0215633423180593,4,-175672527.52158165,-723993.386843112,101000.0,114240000.0,13147267504.506645,62195595697.54833,139258000000.0
test,Q9_TOTAL_LIABILITIES_AND_EQUITY,377,29,0,0,0,0.0,1,0.0,223176.80000000002,6274867.200000001,568923000.0,34112999999.999977,144322400000.0,267261000000.0
test,Q9_TOTAL_STOCKHOLDERS_EQUITY,378,28,0,0,41,0.10846560846560846,0,-1541878000.0,-668624650.0,-38996646.95,240453000.0,12700417428.500713,54186545984.44662,130669102689.3869
test,Q9_NET_INCOME,333,73,0,0,166,0.4984984984984985,0,-2072000000.0,-408472000.0,-110580000.0,22000.0,528399999.99999964,3342640000.0000057,4276000000.0
test,Q9_GROSS_PROFIT,363,43,0,0,21,0.05785123966942149,29,-1307000000.0,-334210899.99999994,-125208.49999999997,30738000.0,2645599999.999991,10013079999.999996,63661000000.0
test,Q9_COST_OF_REVENUES,335,71,0,0,18,0.05373134328358209,36,-944000000.0,-65145480.0,-21600.000000000015,25565000.0,3857300000.0000005,9938320000.00004,43520000000.0
test,Q9_REVENUES,336,70,0,0,1,0.002976190476190476,11,-260116000.0,0.0,39411.5,93858500.0,5577750000.0,18260899999.999996,72616000000.0
test,Q9_OPERATING_INCOME,365,41,0,0,183,0.5013698630136987,0,-2759000000.0,-446141680.0,-109132200.0,-143.0,820600000.0000005,4382168280.000002,6447000000.0
test,Q9_OPERATING_EXPENSES,367,39,0,0,1,0.0027247956403269754,0,-3400278.0,3196.8,686576.5,37822000.0,1455429999.9999998,7001163999.999967,10359000000.0
test,Q9_EBITDA,362,44,0,0,189,0.5220994475138122,0,-3923000000.0,-2078300000.0,-221665999.99999997,-327049.5,1076480899.9999962,4707044029.999992,53302000000.0
test,Q9_DEPRECIATION_AND_AMORTIZATION,359,47,0,0,64,0.17827298050139276,216,-4139000000.0,-2229558000.0,-97089099.99999999,0.0,81119999.99999996,1469120000.000014,47324000000.0
test,Q9_fiscal_year_end,406,0,0,0,0,0.0,406,0.0,0.0,0.0,0.0,0.0,0.0,0.0
test,Q10_TOTAL_ASSETS,351,55,0,0,0,0.0,1,0.0,335760.0,6223500.0,693241000.0,36100500000.0,147989000000.0,267261000000.0
test,Q10_TOTAL_CURRENT_ASSETS,345,61,0,0,0,0.0,0,22417.0,372383.88,1739330.2,310768000.0,8888000000.000006,43594040000.00001,116744000000.0
test,Q10_TOTAL_NONCURRENT_ASSETS,345,61,0,0,3,0.008695652173913044,0,-14101906.0,3073.84,785013.6,358735000.0,34192595000.000027,129281120000.00006,173887000000.0
test,Q10_TOTAL_LIABILITIES,351,55,0,0,0,0.0,0,30823.0,732594.5,3387500.0,333907000.0,21926500000.0,84056655266.64893,236450000000.0
test,Q10_TOTAL_CURRENT_LIABILITIES,345,61,0,0,0,0.0,0,30823.0,199595.28,1236283.6,98296000.0,5368400000.000004,24775320000.000008,97192000000.0
test,Q10_TOTAL_NONCURRENT_LIABILITIES,345,61,0,0,5,0.014492753623188406,3,-85820271.88379955,-848073.6340622324,273122.4,179871227.0,15491110152.154127,60788573898.64682,139258000000.0
test,Q10_TOTAL_LIABILITIES_AND_EQUITY,350,56,0,0,0,0.0,1,0.0,335002.06,9911399.0,695426000.0,36107550000.0,148079999999.9999,267261000000.0
test,Q10_TOTAL_STOCKHOLDERS_EQUITY,350,56,0,0,37,0.10571428571428572,2,-2309400000.0,-823014510.0,-35310818.1,271299000.0,16138270641.686602,57084431125.51042,127487067828.94356
test,Q10_NET_INCOME,318,88,0,0,167,0.5251572327044025,0,-1973000000.0,-322866660.0,-116718600.0,-221000.0,429099999.99999875,1594302999.9999952,5105000000.0
test,Q10_GROSS_PROFIT,338,68,0,0,21,0.0621301775147929,18,-1181000000.0,-91795650.0,-157882.54999999993,32335000.0,2244949999.9999933,9042440999.99999,62624000000.0
test,Q10_COST_OF_REVENUES,321,85,0,0,19,0.059190031152647975,33,-907000000.0,-46555200.0,-123737.0,25040000.0,3761000000.0,10325000000.000002,40894000000.0
test,Q10_REVENUES,321,85,0,0,0,0.0,9,0.0,0.0,62000.0,87710000.0,5089800000.0,24353040000.000065,70196000000.0
test,Q10_OPERATING_INCOME,336,70,0,0,165,0.49107142857142855,0,-1558000000.0,-300904350.0,-115289000.0,275515.5,762757750.0,2749099999.999978,6739000000.0
test,Q10_OPERATING_EXPENSES,339,67,0,0,0,0.0,0,1100.0,194303.76,1146041.5,46392000.0,1888326699.9999938,5566228000.000004,10223000000.0
test,Q10_EBITDA,336,70,0,0,180,0.5357142857142857,0,-3024000000.0,-1745900000.0,-203779750.0,-230693.0,990000000.0,2448999999.999989,52401000000.0
test,Q10_DEPRECIATION_AND_AMORTIZATION,332,74,0,0,60,0.18072289156626506,192,-4564000000.0,-2767030000.0,-103507200.0,0.0,120648499.9999999,1032819999.9999992,45662000000.0
test,Q10_fiscal_year_end,406,0,0,0,0,0.0,401,0.0,0.0,0.0,0.0,0.0,0.9499999999999886,1.0
