Id,Q0_REVENUES,Q0_COST_OF_REVENUES,Q0_GROSS_PROFIT,Q0_OPERATING_EXPENSES,Q0_EBITDA,Q0_OPERATING_INCOME,Q0_TOTAL_ASSETS,Q0_TOTAL_LIABILITIES,Q0_TOTAL_STOCKHOLDERS_EQUITY
480,5042343.876523555,-81629.91461028969,6121297.307974754,6028114.2223079335,-840752.5049601734,-1997765.6546988762,265398519.764254,-27164409.321511745,141777325.50762144
573,589278212.318793,376336459.98183084,229430086.04758298,114610226.27634925,103840834.98700885,66569928.231741875,3504025280.7068987,1576004385.8096058,869181182.3211805
1967,92668531.09565495,-25026361.666866634,-1596407.1939903125,5046625.535151643,-425238.25441100006,10834.156085993804,312848208.4580226,7876521.547500968,167054020.57075393
57,423266238.2392805,263900897.14242592,178472929.22404867,93108738.34754305,77803573.8555747,78244069.49179566,5044072923.746967,2927838108.1822376,1887108583.0187883
131,1039377110.0942875,838986082.3268023,218256972.53680456,93336745.96309182,117229960.900783,118428646.66276912,4214620303.8647738,3477814703.204207,1214518748.3707132
853,-3719587.828643659,-2371488.3649164494,4701177.131814037,34008300.41767384,-31947199.662433576,-29965515.831737217,609545626.520214,28192720.028074265,290586383.95706594
78,1966330943.193961,1516033233.6520648,454302180.2707586,153740894.8378078,297261606.8607432,281694958.16570365,7699765076.134861,5069492419.980796,3054259196.0201325
1630,9006305.539400533,-3693682.018273471,22750272.357315794,35707661.670607,-16209771.66440042,-46605924.47700538,790644812.5111957,103668699.98723197,444256836.028846
963,-5134701.594884268,1826663.230858236,7282785.15273734,11343939.48109429,-6242104.016055235,-7134499.972974855,273971421.4590845,-49503690.72181547,216435644.73264846
1377,3319243744.5304294,2662791233.6128616,652550199.7493651,223560970.32525206,450429504.78201205,441885066.9170477,18925432785.90931,10469521531.763214,7150215673.016443
1958,195859580.44111422,103105608.87559207,106121736.9936766,58910902.05720782,51559757.487385325,17180888.291960534,1660644717.1648827,673153750.6447394,846526971.393262
249,260582265.4564364,185270396.67409995,86243302.02193885,33859699.78100014,49469692.60346852,3087320.6811322817,1213591958.6619353,651460215.50228,695344152.7779305
172,-6662006.334705298,-1817762.2250316571,7282906.885948319,8301181.774424454,-2565605.0830710963,-2798934.1751794643,265102130.89419383,-59841253.06009424,195800078.95478013
239,248288755.20792317,270870429.3921293,-7765434.5726848915,124507507.98902248,-138502981.17915314,-135085265.78473726,3173568482.834999,2820537278.3799934,903499049.6562138
224,1638487430.2590518,1053328695.6376951,600968089.206757,182854833.12455913,409685371.17990375,416927491.0990957,10867702724.305445,5187048118.651511,4803999535.554598
1485,153759102.94154167,39762075.68253109,129777928.8366069,72773177.10160647,49888232.405692056,27174761.515395187,1903210904.0568528,1054261221.0179787,869346364.8426311
568,-1996172.1495792177,6427255.306855129,4429573.188832441,13828118.553350631,-10908438.62584507,-3883223.207102027,293778994.47180957,-58430533.85963322,233583761.288074
540,4968557231.295338,4213504070.076834,875952929.7374276,348835040.3859729,490917716.6653872,406171166.32356983,18926520678.733814,12157389458.840752,6446000323.196388
1019,339870441.36079097,1328295.3036155133,360259685.4567413,292893352.46827686,50034357.181639336,47386991.27408783,17166716461.3382,6157794124.768725,6765207564.392048
766,-5784758.734539935,-2199919.3070923993,6524118.226725958,19809088.674666576,-15837754.51641863,-14046069.77961435,408402587.572942,1590085.0170698762,219807678.62658888
1970,55862215.77469931,13493246.706953809,49226263.49276793,55171980.55567563,-5573229.007714909,436746.42482345627,628430933.7861342,146867594.92760855,390036062.84320414
398,21611544.023442566,11613527.363587542,8088963.831586318,6313805.433450352,-831530.7792985414,-1937663.5210566195,413888735.97537225,-21091585.70215869,383988984.9517504
316,-7728541.161927706,-2533748.8208703566,9979218.180029187,11941670.747322068,-4331768.3907542825,-4666365.176340822,352664347.3100411,7258106.424007714,207870674.26309544
753,-8391928.989877623,-926466.9118250938,6309389.93240458,7195869.43918038,-3104500.703905921,-2675516.797689889,296158282.1018715,-12859390.702891111,134531918.77098638
654,-108077.63582082978,6284476.2394460235,10569106.910723686,8925721.614929905,-1056086.5671545428,3106899.2890501237,344421423.29780203,37073556.251984715,305855529.98978424
300,2348560615.450482,1717569676.9818919,576104428.1225088,353270146.23883677,340702051.5954593,414816413.2333159,13137987340.711874,6501381732.940318,5255315863.607107
505,-5417115.742992938,239148.74580735248,9053416.362326179,9525156.78999505,-3673314.0578295216,-987238.8514750061,372415382.07927454,-47638060.140966356,167312363.1010235
2007,-10686487.662758738,-3077104.9541222085,7418590.083879529,7946053.631096173,-3127171.657771645,-2275289.5459133578,364766972.22889495,-41683814.25617379,223520712.53494
878,36735468.96349868,-372300358.017118,421918518.29548335,387291182.90087205,34060215.57896914,37386131.63998911,1423321793.7168143,721486156.0862358,781765765.5262399
91,5126271144.464564,3186329048.048416,1948213440.1601515,474089381.6480508,1436911180.1171567,919963626.6337931,32269224151.19523,23644757256.742287,7523821275.310476
1673,-2856827.977463728,-2144341.983800915,4997550.487739923,9129470.301457932,-4094655.9442107496,-4768564.763533831,328952946.56406206,-15261683.106876552,177951845.26515493
1583,6764502977.527511,2654925892.929914,6207698078.125552,1973170248.1792653,4000664937.432052,4032000868.6463604,31841896790.461014,44067283885.789314,6509987261.560352
624,730232149.1436962,376362929.14535,366931235.6678614,1211558324.2274249,-882398528.6367683,22761548.128376793,8992126397.249311,11847827377.443895,187179864.66957355
1339,-10689176.867718318,-8774696.173171649,6049916.370012497,30030507.296735324,-26610492.009679392,-25993224.495134182,429741990.7143886,48524667.9000172,237102677.3089942
1670,3586356.945382409,8980739.674201924,9763198.842631556,9408389.490117835,-1873690.6012452678,-472806.50446706696,431457907.4329288,-14771935.224349558,228960653.55450004
1234,263774108.864874,212413070.5884852,67115224.2321316,54977460.77707303,11124530.33462502,14125183.91224847,1010323164.4067757,195782593.5181473,618098785.418443
1623,158742236.79794118,55874886.771872,112742607.95116821,112466348.6429737,-418684.6834875718,2270366.9006024566,985848479.1464092,301230845.3430337,827281493.3132956
1910,-2087857.6302806865,697336.1782533787,6743990.68879975,9853499.228378562,-3536844.6021934045,-3211266.466748794,404533504.9479173,-26452121.222782254,220270873.74566302
814,5321741436.690734,3756818614.1103234,1595681586.0455565,756833142.5944755,743487167.0293806,562661934.1460966,23433990427.668377,18266732929.297977,8561905035.490466
1484,245559207.3106182,175735705.13644293,90052043.82766835,70008518.00396731,16778193.752833653,18534909.819236957,1320979101.5586362,400401604.2438573,808682227.0739157
1125,631965930.5464946,454830200.81914157,176697434.2946976,81686215.22572893,94463602.29768385,92085940.2003938,4165743434.198624,2391884500.939831,1715231282.4306254
455,264576517.6062688,141785588.42989597,145574776.21419305,66583485.5269192,67696687.87423097,50658318.41921623,2872444287.268338,1688811665.2592678,1161470520.3720887
1636,2393191.285503323,2144267.5964558665,7646077.625742405,6702888.62427629,-3210488.1966514927,-1563801.38726113,352061008.5035173,-33234633.198374152,204209425.3236784
476,-9100565.728492515,-4630545.9459589785,5404958.180902628,37353296.40300257,-33546248.234744877,-31362247.103576552,641549902.9698206,36653458.02067685,334917053.04873896
493,-5809349.125520816,-1562845.2706384128,6867246.37077738,32501526.59889719,-27480436.31655419,-25039602.97947072,505652278.2352297,24492391.312468052,244318949.81864244
1081,5784215.251636995,7235773.365170594,9897349.654314838,17214731.13414947,-10860383.076715514,-9315301.354771681,380815055.13337404,-39409088.44561601,221585466.73473746
175,1510551220.762255,1306620026.2653143,196183630.23046017,119601125.98860684,81995786.00617515,84515272.27663009,5971287589.836295,3381098493.716177,2381977041.715326
1070,74161750.8825429,28022415.977147497,60094407.949146815,100442803.31063846,-43762436.237006605,-41398407.945842825,1013654188.779223,210052137.8416428,554791158.3465247
1850,2315984.987878766,2857512.190855477,11939725.994971938,15582165.39204523,-3849675.678612535,-3677059.164134374,359745794.297478,-30397205.342790008,245493262.98883235
824,244825243.6116188,48300544.307860196,212717513.0654148,174813252.5867478,27357383.183816664,25993434.31241642,1369243647.8410354,1087464756.705817,469455542.5278286
1949,662736400.4871875,229922532.12815538,432637708.6863488,285319976.74517345,139954300.02549112,133987976.62106794,11347425869.167557,8272517698.173972,3068629335.6619263
274,3738272.254366635,740243.5430230349,8297604.378483222,14240431.022389349,-6833261.195536517,-9525827.229270661,619482225.2791555,1194180.6160944104,418958604.5606823
2026,4104221838.555727,1132821418.134797,2944100071.915146,4725494916.341643,-1788430190.1833396,1297790474.4196463,142545137525.85712,99714036579.46829,58773661006.19304
1199,1102603443.5109074,477321437.79478097,505790173.9814654,77294250.77027053,718468613.3547218,423191426.5509532,21543022377.975388,13191105141.587643,8364312598.405621
1458,-5693259.947474911,-442598.87487745425,8519798.881365294,19005129.819642693,-10657991.842448503,-9713010.46650547,439883830.10746264,-28868758.231118858,284455942.09040666
393,-11430395.920324245,455963.17607750976,3123289.3909920324,36182259.85973141,-34601095.419296056,-31836350.606643338,629394018.7503977,78806042.49860853,337199148.9448673
1600,10953889.835881252,3734582.4297489086,8462424.354092158,13625976.431421604,-4471817.847496066,-4348833.054663541,341109786.523585,-30193837.176145315,280888572.0235655
1282,7414130.383042293,9273145.564707307,12075025.694575742,11945149.025818042,-1174847.8672658803,-1319494.8416061478,398434426.9494157,-21456645.42136836,248484406.84142846
1123,46418088.71408983,29045356.41662778,29923514.628596224,68487846.95778404,-41835710.6763592,-7806112.92933742,727215804.0109252,109685683.25079447,334098492.2793726
439,62589631.32207238,-2379736.192353282,75060251.7390384,169661252.05030957,-98979544.45278986,-91710117.36463809,2384349998.746004,487455581.2605646,1157171247.493465
302,16213076.173865216,-1599615.4537659138,28691852.083113812,35584832.721061476,-12372424.538823899,-33976325.752494894,1103741530.2909074,172950104.32487392,641752132.2829564
773,5875537.217090285,1015798.6646451806,5576356.684882705,7488273.381250447,-47560.194814240676,-1434123.6570260704,427231949.5451864,-18256388.060481012,379850946.1043652
354,-2262707.9825549615,-2234971.569048534,6609796.609933575,7671290.879119877,-3866672.1251380714,-3941591.8913076343,277123234.5045042,-15308527.481202006,80260368.08321817
191,-14845978.630673116,-2670809.1665162686,4841441.811346543,24796664.358889546,-22764080.825988635,-20996558.64618501,540848821.3249867,7453085.080944836,356183252.4518858
1823,1968437027.597125,63385095.49899885,1858533324.950769,60752501.87920847,1713787895.23806,1044256409.455814,23561789623.478123,9790025346.769865,11987841388.525658
903,91648891307.71892,9224317936.045095,83150164665.52652,13360700442.063854,68968296697.53755,7920468061.463404,241450201554.38773,162949390137.11862,102812767716.50414
746,351512.1429250557,-4086458.9159926907,15466566.10279763,23532252.983995214,-7358593.132810533,4295425.733389947,448124892.5795511,-13676708.285845459,308879955.77373904
85,13599664.110456297,3533438.7817044836,19713105.1664717,28686555.21637876,-5853665.980645292,-4656625.026776745,1208616644.655488,561011616.9414109,623707118.4187309
1361,5235452.838059969,5578528.006315578,9634948.818950526,20360134.162831895,-9307336.373066777,-11056668.374836346,446592462.14893126,44533415.559854984,281375024.22971153
1597,420800370.9682467,159295686.16309392,273503068.6831892,272715088.96964175,-5798265.736816001,13372855.986677203,2423878709.1933184,1425369954.3541732,919828138.7424545
1300,5842478900.959965,-10735339.234730568,5584304888.054413,3615649407.4993205,2134632121.2903588,2210395565.0148964,39764711105.861694,19756644013.81133,19392924933.83703
491,30573950.341929697,19758530.873033267,22647374.610999234,46792269.35780544,-24487650.880086895,-2281716.2963487236,488635892.8423939,34325739.2531631,368022017.84690684
1849,83669713.69787598,14597884.582396273,105345973.0393018,142809435.36512578,-44856019.635047585,-40287247.05623632,1355204844.623651,582577003.1653254,676949721.2431016
1352,1350236979.821821,1374067780.7418804,-23097784.592599213,80525467.87978739,-98929664.48413147,-109119443.6184601,5926628115.624449,3472879294.230172,754714167.7304035
1657,554665743.3185028,477034521.48548365,91639631.01229899,92927933.92910081,-2634058.191804946,4662277.302342107,1927473278.588839,1738496953.9584992,871890335.0064635
2022,65811030.5054314,-23500589.64892095,111296657.08789155,77658324.35635044,31061351.08542704,32413999.8559438,1221949809.629825,933106187.8860348,495808270.13614404
2008,263113712.1839243,118836129.59522997,154394924.65556717,146401562.298693,2765409.1987257954,7855697.303793574,981594462.2972134,234455955.1585616,637610512.0073619
314,-11934131.4750329,-4832782.715036587,9110769.086367732,32365666.425489306,-28452991.190672435,-30025688.70726499,590455074.2124233,35620699.14502925,282070635.89292926
126,808207552.864199,298075053.1502554,1105182737.0746164,794558788.3766699,273688106.4097817,279180525.92008495,8824578156.698679,4024872553.7852488,3684859363.5129185
1295,2526576.170141572,-10009635.400842505,5729687.796511461,9589094.437654193,-4297049.880406553,-5438432.4080615435,243756047.68083206,-6836837.791820228,230361730.29061994
641,2203601878.6393685,1575971152.4673688,639375887.417191,476774865.3960434,128079465.77464655,74102169.4147169,12911401640.329395,11030613857.208557,2571640817.809586
130,435148858.3957836,2374045.1561661763,306575374.45321065,583312332.6016074,-60418674.207791075,-55224395.208445765,4216838933.8215523,3249981673.1972337,830051965.966492
1114,2430260.8790804017,6434583.059433494,9977402.863667887,50940906.54726019,-40728343.18686587,2392061.687729429,526156879.4661063,61986578.91299617,272709210.92766094
552,544910980.3121796,369410703.6100943,190304068.92680687,105052971.0150498,80882361.82250454,74292162.27787378,1667382251.647884,741847455.5559616,1019528556.778587
1038,110216492.43849935,82031397.59777322,35656163.47793117,45761961.82895344,-9429097.715956934,-6424541.050552795,1246088360.336053,743177269.371113,536359476.6302147
265,70940995.48552999,58271837.42175571,30436854.655885044,83381824.88601032,-62008734.59566707,-5338924.635070364,497166153.097229,40086714.88043761,420076393.9155717
998,-3044557.9801888927,-273856.89763715025,4695483.356113521,4596929.79312391,-2507947.851903362,-2538192.5439076796,299326205.03433406,-15953273.36430496,145079104.66947758
1922,-514083.2310210003,-2234905.813132335,5486404.808318732,5069762.690151946,-657634.4826182559,-1650365.4729103066,245166127.68472275,-61290924.8960703,63799040.18997067
756,62782693.036759906,40932347.3649651,36064936.715015486,31925754.066129178,2052676.524729698,3794142.804628142,574879727.8699309,125281275.14062417,365613018.73656887
208,420686438.2719926,229872139.94331583,207734037.12808108,43859492.25918136,158002196.46816438,106990426.18764901,3132849186.0335255,1534560360.0719743,1437220785.0093427
1545,-6383230.18736183,422545.7868378564,6804964.07708968,6536288.456109115,-1594481.9494249646,-1540498.518349677,332712463.6245398,-46576879.17852253,171483733.33327168
1639,-1830419.4204100743,-2239721.306887566,6250133.862456229,7412192.188767666,-3136071.492430922,-3409584.438410539,315449009.1303255,-45297825.22191614,225931272.55840904
925,3020944494.5551066,2543598124.0286603,499485033.9437431,294848288.4832468,182656218.49608797,185562346.21028757,5351233818.2665,3792856679.8722725,1733655658.5174975
715,-3949706.370448893,-3664840.2374502597,6143224.939147893,7877420.298454376,-4654159.143237914,-4348067.642204651,323040145.0451246,-42381817.24349153,212581831.19778648
1119,-5395111.562220806,-1971706.068574531,6435128.871340082,22464655.974674933,-16153221.699952545,-15660666.572310071,325752850.2508477,48223674.79643059,165393822.131904
1093,309780715.88887113,166882058.1304697,146515413.55182955,128641211.15162632,16709296.733873181,11085805.017537229,1325273191.9955344,733196268.4473395,672488973.1499317
304,876381.3271145504,-1542976.9928176496,6752102.2940608915,8266345.705964203,-2341299.9964442486,-1197877.8152011272,302940902.05930746,-25979031.533782125,190580784.4311916
1500,7015574.1607753,6142257.757436549,17815853.47042539,54378090.04216696,-39691547.27592929,-37411455.719743945,1680804662.4471753,894247605.4462636,664625683.4936763
635,42052093.25480963,-6625520.280603485,56975505.9063008,67711499.7569251,-12137324.421727102,-10225451.371509992,790957005.5687711,117983032.60267836,497503462.1250682
1337,611934857.8041431,153680027.812841,471515813.88714206,684123325.519915,-240101348.6493905,-80824695.83635661,5736869896.951176,3391325963.1704917,1808457337.6556292
462,19560601.88444625,-4617598.199478419,21447135.329956375,62113616.00317578,-46234136.05061258,-39635720.37122032,626815517.2805681,136629412.3210624,356944804.829131
1532,65041727.163696915,10617225.706619095,75915724.24965654,164089337.2143439,-89057858.58690578,51347892.291694455,2061889443.0346115,1569490234.2551916,644737178.1108766
658,44403525.94683712,20166618.394720767,40757636.28535732,438298410.8633783,-403215350.4691216,115378679.07175428,4385641309.324168,4321620851.235922,780424225.4218087
1279,2127929.2485454585,1349532.6790549066,9646336.395643549,10221764.055216054,-2081764.4943216452,-4884853.227191435,394730704.8083978,25572249.10086274,247133067.49044028
1077,459859214.85531753,308230267.97518396,172529553.7272927,116660095.29216538,44765909.46448904,43917269.9360906,2090694013.4149175,1147933533.5502372,1102022131.9927804
1725,89087207451.72298,53747834382.38818,35224629076.94482,82693811734.7462,-49991364590.3163,2869551964.9178715,236447277493.47754,162003453564.89706,75330219908.6191
311,470984685.7031429,341738991.9247019,139096117.62185577,128536128.69786581,4613293.933190076,-7065964.671304201,1119943178.3350828,509076269.6692823,727813611.8989935
1447,-9446771.351641364,2678272.8667058963,-539804.7911105063,11187459.7301061,-17713613.67608485,-12551618.610470772,416774231.4322051,-15859162.932388544,244230110.47616106
1694,97711967.25695346,107632943.75533077,-636293.9653342348,269582627.9539514,-272014984.96736616,34705601.491385385,4934025664.530508,3837418445.831093,259976963.75449926
386,-2943856.3198102806,-2227055.981352864,4750180.030124585,5240740.323376812,-2492170.3179827984,-3002345.8395857923,282073298.5478194,-46127171.920850515,153168840.3769152
1767,-3641808.6773087606,1440187.9361635605,7013425.323388446,7353408.092881844,-2984040.7603795454,-3187548.1059971666,332210050.2074511,-40444572.87381923,168872323.842961
1648,505003150.42707896,401357861.7960293,122921451.23201925,85260884.53823392,29694063.15547974,23956367.437284306,2928169694.054327,2249314424.177881,933323514.100736
1650,299793329.51291305,-75629606.21276508,296838557.5214723,328843934.8311819,41330285.43132918,63459137.38063379,5108948886.692749,3892136217.164386,1563526697.1028545
258,60152313.139210716,54839377.54646103,21692168.630549718,21661796.50816291,-1206846.430284237,2258810.1263928055,578861644.1660715,182942812.05620104,371649383.31278473
1990,9632351766.305187,8327391283.51987,1004787985.3265905,1385744068.1534836,51016671.41721302,57285127.29191848,-30271088511.40611,-13163058577.294888,-2269785652.02964
1445,91872837.19840524,-18501470.145384755,129204583.83340444,119365265.7037427,5930443.592546184,8600438.91634848,913540876.3941838,298292185.86790496,525533319.1546493
216,182098829.62548512,34288294.07634519,208785652.89016908,249286008.73596776,-43841604.28634542,-39131432.12954786,1620583883.7782738,1185048027.8673244,632352223.3976654
167,8985674.096202113,-2909647.972487838,24429254.309867173,37090659.83729562,-16667499.298019178,-15875101.18440434,595001349.0986692,191748700.7810105,323681947.670085
1510,-6426672.066417237,-559137.9270639252,4962554.463874843,5855215.018811878,-3736412.649422393,-1808154.8631773668,322579665.94956195,-19320557.90073043,153411320.89607665
1246,230542144.34693575,968225.8642862095,245371364.09275016,191188460.2665252,48626298.94191466,49564972.92486176,2688778337.1425447,1950947812.0513403,889686723.0708188
2012,25502470.60073024,18667525.3290061,26447119.211985197,37453031.08302333,-10116605.454921614,-6379472.376215578,875798688.9318566,52246773.706578135,515694362.2283974
872,13128625.933227714,11553785.015860524,11173738.36901002,12761564.786839249,-3683833.499247611,-3174475.0426797112,411274989.5561975,24798634.946217496,271301285.7760212
1831,78363766.87086432,38554702.33978124,51387450.92416257,58784071.06629352,-10531623.83916599,-7439926.817049571,816856870.4046309,364450124.754319,400714474.74301666
1068,-7360862.108972801,-446224.28141018166,7746309.12152908,9785065.41509882,-1386782.7177676638,-2260949.3659500876,280945545.48491997,-22183819.413578272,167357115.17577243
1281,17420509.695011817,15865719.94255812,29897307.391373977,22860771.42937175,2569355.5128778685,5868465.323651625,902747349.7791541,385075366.26540554,510562958.1487302
1299,717139.6881913636,2215911.496271042,8523922.033511885,9258334.093816388,-857977.3442064475,-1093430.4163559875,386946137.04078364,-8551803.960237801,293020668.90632826
1582,6187914.539592731,1547173.041606905,8351840.926051736,10255428.714418307,-4137969.6813893355,-4607823.437582104,293057815.9797988,6424326.951727748,166820467.44636416
1003,5700445.351625458,7871254.448484188,6834735.7475630725,94557494.67714949,-93969560.18267737,-79655351.29562472,843699744.597908,196138827.9839757,442889569.54546237
1509,664280703.9916772,-1186967.490150637,676368714.390408,567150429.6700248,85507507.28417556,82449317.7051144,5739993072.859975,2594058370.0545006,1347856743.8252354
1437,-3873944.5993326604,2181995.6115499595,8651393.843990477,39813093.3605687,-31545064.728993505,-30443165.46575953,321881452.42129785,33125686.49105054,246266420.74359474
1153,4895484.739773469,5609696.262959432,17305139.124195177,37500542.535967104,-21683279.87687566,-18352139.694563203,562335953.6971257,110112084.19811207,307590234.968444
571,34621858.80974764,13776419.13532591,34381861.51818624,43439274.635050476,-11284881.498627232,-10541532.656414859,850523363.4810216,117838996.01853806,463610017.45558465
769,38949604.65514105,40370006.47446602,7799237.110480565,17128384.448754005,-11752275.98073703,-10622145.276690679,514692615.8005971,81578046.77956304,256076761.1397961
2001,33593603.88201399,-1837338.1938353432,45532014.515068054,65263141.05953515,-23306490.264103595,-19171061.199827127,875686802.1435275,106480420.2415781,482562250.0007394
307,48959700.00272529,40844219.03124742,23754435.632386733,26190912.643330805,-5975064.392976225,-3493667.241797903,637710056.5768939,167941399.32279384,446842355.05511916
2,3436127.9896407453,-3404750.940653378,9509030.626316886,41724448.227828845,-33006342.01294534,-30076826.396002643,773550837.4843363,56032164.805847466,481470010.2176516
1192,5717420388.968959,4479398520.816898,1252856916.8222992,816064487.6265404,400979355.47023344,366000513.4174097,13476567012.015438,10223698725.497566,3592954253.6765804
357,-635072.4358771981,-2834063.188064278,5173828.714092765,6012968.512235434,164678.90343134673,-1941452.2846682172,335566261.69009244,-25470259.22591591,179939281.26630795
1017,6744441775.969425,4501701299.040848,2397075697.2466564,926874308.0935581,1305625645.7353747,1324656886.728208,79250784506.38155,41807523624.207436,39463985191.18086
270,-9973697.547439562,637981.8966850787,5907659.592926475,11078982.29372679,-9508991.460299775,-9267032.314376678,354407604.9425104,-27090033.943232656,201887229.84262177
1479,-15999472.10333151,-8204470.653889762,5541181.894795543,23615885.99348354,-19702828.460418515,-19513296.035897344,326601549.30890155,32603944.275081813,151191912.84031692
1821,80965600.59481645,38003363.67262053,51920878.98738553,32664508.664218195,16369150.048052475,1897506.5833348008,1367988453.4323034,94610422.36698228,759969686.7294564
1544,58981514.611751795,34070093.02686828,35131243.553793326,65968848.6057467,-34129629.359660596,-32847337.917134263,793942498.6635253,23983136.81434673,426181385.07062805
1647,-13809506.371920416,-6115552.073773235,5760639.342347057,6007413.768871313,-2637706.8026595907,-1944077.5083098458,336007951.3459141,-40781710.71645528,175022929.25341588
1407,5179746.942027602,6935792.464306785,11337263.372551344,10968404.158568405,-747670.3746767957,1495338.072084121,438095157.77933246,17513838.22524849,265075587.49007294
771,-4888407.642316037,468153.4985345166,5427790.244837908,18403416.043504484,-16168631.501292417,-15387352.709369618,433688054.1204689,-6902273.272057533,227875914.04676408
1176,1024594531.1276551,946211923.6569713,80090532.2133271,43198886.26419765,44269884.81409022,29918130.533995993,2805298367.1143675,2903932628.1058674,1227825787.8203177
1442,13413643016.980448,2109730309.470669,11578073119.578226,8288025646.64743,3144117805.567525,3126264113.1251855,142350900218.19977,77714675942.43582,13673655435.029455
55,1757349842.584784,1433162046.8223176,318373482.4686464,110934939.52724633,225976255.8825309,229197638.48473006,7604318672.528837,5885761230.537056,1856013163.5293617
392,2739025811.0960317,2074290776.160486,694636925.7332038,273189812.2477162,395868220.8533354,317103775.94803226,21317830072.2193,10150259060.60026,4239045241.438227
775,-11207105.241855282,-3272883.0305018555,3669609.2137548337,10558948.405289665,-8441512.735391283,-6443851.272878251,355388287.8608724,-31730120.17162907,218596523.00606057
870,-9800282.939047022,-3323133.5811044537,5557933.574156956,36817986.72301,-34056807.18005861,-31194279.195732333,567933509.2169071,-9006866.180769622,277580049.61186486
1446,8994880.985553117,4658680.950004087,17952902.287922338,17466570.246180445,-2142884.8914207644,-150122.51942707808,426329745.6628469,-18534144.65580324,243152513.0360384
407,105959734.85624248,160662657.26461864,-50588167.7100875,690825686.6979265,-761273512.7334054,85588702.54458433,5620382111.031058,4515126491.168472,1824609461.2087898
329,1580632.9222253594,272460.57706963364,5239441.286920764,4923528.913032532,10563602.510833189,5585819.927320565,293082569.41661465,-46496489.06609213,95074010.79225588
642,3711106776.8333726,1753007634.0890727,1926269337.2961903,818397145.1429172,1187938329.361206,-5626887539.575152,44703683276.999626,29683534891.303215,6778313066.148837
983,4474524122.959393,3617611800.088529,878639215.3495079,418911835.27777314,424366564.65568775,376903080.23263687,14727104701.610044,9331986008.917223,4852833114.979329
1977,820991019.9674249,551810025.0241331,291503845.25258213,76777813.57673894,203227385.85259563,136897801.6319934,3750700517.0886583,1812645656.1338363,1685024331.0103967
946,2352135936.2666016,1756662228.7156188,607610603.8535373,156609447.3215569,410218522.03202856,381748042.6763206,4453362066.513642,2070783224.968843,2681899000.349539
1968,1545741417.6747725,1017408100.0360477,539031349.6071318,200890557.21633273,311361291.0432908,285434517.74981284,7143265879.642854,4104714254.3216743,2219746096.101492
549,179197772.70991144,92261243.04057178,101161553.84661534,64733707.073851325,31173651.785708725,11518731.69799789,1826631772.7314215,1042010902.9611952,818296986.2660911
1589,-7070024.664079724,-485807.67061260156,5563122.613200565,25761767.2231768,-21944878.199082725,-23092693.874385897,462680950.8441602,47421609.69502455,258278501.1923094
1188,7567372071.396394,5949834749.742305,1582891436.58478,1756409220.6603565,-380039166.2621669,-450863133.78754115,55232945864.089554,31093350718.24938,18365642319.06021
430,6467700.749305739,467593.2345659919,15437707.48685624,19154592.036931694,-4374313.514111399,-200577.87027145224,374633276.6453217,-49744818.10087532,302559599.9713613
1241,934909.9840805447,-750125.6883118292,9122177.126179144,11474907.08569468,-1622171.1460122943,-2629263.5666841264,325973434.1841486,-10706890.752988398,232121815.75162652
425,208246622.9216095,142995483.37194565,63060234.620580345,118180537.9433411,-59358624.66831811,-59097929.061630055,2158358490.9159036,1576673951.244889,577985337.6573015
443,13086278323.754026,8459527676.874418,4682784374.075544,5701324878.928415,-975177239.3680993,-603108032.315439,134037165112.367,78201958025.89001,50230830869.71351
1146,3432784028.2965374,1847405241.9761052,1525871020.0656562,618265434.3329219,992153364.6368796,946044332.9104099,15918662738.297405,11285328469.604218,3433273755.0919285
1050,-5930852.099766895,1004771.4554290734,6367694.891551952,7544387.015760837,-4047672.738979223,-2726763.7997526387,362250992.8916969,-19356700.16230738,159530242.475039
1315,-4622624.403707033,1794463.2386522535,9310856.459213965,25982966.17030839,-18364271.84225326,-19006608.1274233,413969253.7579709,48357324.11034924,166987040.8931758
1676,3425390750.2482653,2078068521.477279,1321492940.2607355,1252664686.2786367,9615260.80771088,-1837079.8641540129,13548848172.35419,9122896405.308846,2766000390.6209555
1952,-6679411.142412551,-334487.85759196803,5338318.858719975,7646047.418704759,-5638885.080659693,-5410280.737429868,263859058.28414616,-54225556.51269114,111027180.47042367
1553,2622911698.295736,849406528.7149494,1939857926.6011896,2349296782.175712,-468007054.28705126,364680635.11370033,8731447270.680584,7923602653.582884,1786657954.0817401
47,198804841.77080452,60830847.74828328,147497987.77820003,187825844.30598652,-51199698.230339974,12558540.016008137,1264970983.590587,626409500.1439028,734413075.6196384
1773,115800725.35490389,54797816.56074785,70297320.0562091,119172159.78726539,-54241500.623989135,-51318805.56175844,2106362551.903471,1006789241.2988234,917885898.2230791
876,62379922.73559501,42551038.49203093,37893461.18750957,26546078.266021065,8652702.521487135,11108943.588642238,543305516.2379228,40619872.502525866,361812922.9640476
1807,3695707.9334991835,2533921.7236997634,8969015.009323288,12174282.369171374,-5475538.208347099,-4392121.073766373,336702262.23263574,-32024811.81029564,240938789.46589404
1245,4855201407.854635,3991140071.472134,869322487.7872211,743544333.4797649,103644293.48711675,92796822.46102607,7829206965.513347,4512096882.077606,1812183201.1401808
414,873527368.4496716,462594143.18563294,482179136.5599276,174569771.2275354,259840642.22141507,-1151953322.4477127,10306759632.77449,7799619910.970107,3108682662.260002
1062,5040462206.803,3301509037.9138103,1890042821.9224164,865699906.5506277,853670404.3955355,858463408.4327755,26732023392.555542,20154566658.11513,5210696038.568659
14,-10365673.248871343,-3295374.700724978,6200404.135645388,11485459.9211495,-9285843.067231152,-9346016.37626544,326418520.33246464,-23991327.05217129,176177572.19908148
1971,888719746.9302294,631127385.6849633,264561717.00418696,130852832.62722203,133802754.676796,143277248.16943765,3741841820.124853,1842612002.3166301,1564200945.525992
1627,63490195.750688024,8172154.601912351,67884539.81944656,73246895.51480483,-5727662.454858369,-5144930.530669043,699023457.0135702,17201585.407629132,405116483.54461735
1439,534202282.90523785,299901242.49095154,249108378.87752628,66026081.07093096,177413174.85191098,58572937.34902915,5996251865.536106,4580137946.179264,1675542576.238658
1893,115970164.60507636,94857926.38012472,36166803.99104329,30104589.575569414,2911216.4371015625,5196961.784318167,625044447.2036514,193549814.91998482,415780979.9641903
1689,-5268806.911224792,2976770.5915341256,6823406.163835883,8732937.829252237,-4065808.5342377666,-3461469.6992939217,333004852.65426016,89818081.15909863,113085037.43305829
1040,19250543.930336423,19698713.32905097,14832796.769415379,16778679.690068193,-2791522.407324641,-1067703.1506717363,418041712.6072922,15200109.105668664,281079901.44267875
1106,246999507.58717203,319655512.36359394,126280040.52129337,69904698.74038725,52709070.210490294,51471051.88687341,1885006579.109542,754097345.5500519,984631004.8741252
1861,80645976.49917448,66064568.11718525,26349822.797265384,33699274.191733934,-7908979.159241507,2498734.7842321713,1199628746.4232788,412887333.2192556,714018870.2445804
1363,1827028535.9085724,1273183828.121337,576078936.7014732,245524540.09218794,292642421.4716535,280605069.6713112,3801946480.8892055,2684577761.8912134,1529318080.1467552
1867,3102249.9329277095,2437865.8926998903,8129704.306554966,11921356.684956135,-3997393.8312107115,-642730.8485798242,352198091.9098799,-16743731.434892178,201031503.6616553
973,5703337917.215048,5518919844.010035,191877854.4179514,5650536075.060057,-5410667998.989126,157006973.29241925,6506734254.712467,5860108410.946304,2704293959.7752333
1551,526212269.938365,276651809.8688836,260056144.60073018,157575189.39520118,93764817.67668001,95470539.00971125,2351903014.723577,1031581514.3352783,1194704750.123588
1567,589739383.6216886,74568559.32870851,528430669.89524496,429604496.95308375,89631861.38862422,90055138.9549338,3291350272.3414164,1984961610.0233302,1051965974.1917799
1833,-7634742.942182437,-1962065.6396672735,5864975.279332971,11467242.275360096,-7280960.494257172,-6409775.176064025,418904555.4750537,-14059966.14981103,208902543.22440445
404,1392478.7709269691,-21198107.955424115,35849226.07172689,62292834.64724948,-33011735.926569007,-31497374.278299056,748778671.6201609,118909964.54442447,467030970.3402949
133,89968210.46339184,69152652.34737265,31248732.061212953,68227088.14643526,-36927419.505714886,-35167680.44581379,853103078.1536162,289597522.7501474,503797851.883637
1792,912710812.9745972,79833374.25140151,856065913.9679618,669599075.3896948,164367657.42420843,303616822.28157425,4659128213.889331,2571095694.2658434,1872347651.610458
1945,1331410205.4281383,1049807537.0278225,296455722.9266422,216206392.43474078,68537699.87263437,69035717.32236783,4130819627.946821,2268067795.760086,1503005298.5159256
415,109499141.50093028,63544411.628664315,108859370.63102132,116908310.82568029,-14068658.281149963,-15306035.964546429,1488756336.198655,820606610.509994,806430644.0347652
1156,5911674109.548216,5289814257.020558,654292462.9623348,154880318.5944848,396841394.85961115,343638823.40584946,17585202752.357765,12718919010.5051,5088846807.064581
1367,157427134.59543324,110671741.63041715,61477417.28077288,180240893.22813037,-127598820.39278723,-16843842.549227297,709359551.0114069,140605742.8759426,407721198.67557806
1732,1750967547.7537918,1362334335.3165965,405587143.3710827,145628189.40234813,262551912.8531154,327211729.016342,8280018162.699662,5479989576.144948,2846160994.4228697
2010,-13174295.680043697,-7718848.881681249,6142304.564257926,7760855.228431457,-6170176.44624622,-4625310.38542784,358958226.9205118,-4030610.6314612627,201972568.6254778
161,3118142516.02543,2488145892.708554,655413230.0681556,157852140.99632382,473763567.03001636,345318738.2659726,12772132573.749603,8640946676.085241,2177974244.6232133
842,13191712.992673403,94287394.64607364,-60655537.83576258,85441439.4429566,-156381022.4330737,-154157009.4752595,1831336967.7222953,1232728849.0459335,700934303.8247075
338,31457216.260936677,24836932.353199996,20026671.45244144,14782836.606471566,3733816.314588043,2689273.675627704,891859353.6062587,303661047.5182772,500183625.52262974
1717,-2926219.9118317384,-308330.58771424554,6073119.064842047,27668022.394911677,-23540702.52971747,-22674936.85631657,447645218.8825456,34307741.16236222,277950741.463211
551,1234085220.3865821,932242237.0662246,285182579.01127875,359968308.3573437,-48855786.94406636,-33708802.36368039,2655165322.425637,1402894354.6795502,1019397206.6322186
1440,13638278.919588232,-2337306.099338714,25451998.386373006,124191751.40921608,-104277266.09692034,-100366701.11679655,1512327132.3618748,716468848.13019,639998415.6726826
1335,1432459951.9633288,1340432117.7921655,92102076.69018705,144994885.96391705,-43418172.47134861,-66794211.64205342,6847381201.560204,6111233204.289232,1434197969.8817077
1574,93890901.40636209,47052042.16515613,59721864.016463034,41165111.83007142,16612853.707443282,18360250.16854687,969167675.61058,512942672.59064245,528880961.59477556
627,-2847799.168049745,-1532903.7192915455,5728843.578410464,8111814.643644788,-3724677.0404908103,-3225191.704483724,360964845.4442008,-31112066.826207757,198391097.49647534
1429,413139264.5852058,290730738.51296467,138014903.47531492,103012091.28314078,33162340.78295528,35798051.99335998,1319641715.7424185,645645507.8442371,667975560.0719028
424,-13103863.93708063,-5956129.894331008,5192630.067957416,58540620.33830173,-56931480.308294006,-55510373.75448911,969221863.2106369,49060513.37329143,429111711.7879325
1055,74860541.45374036,58884069.57258837,21958034.108562186,112671059.57409942,-91365405.11065309,-89486542.3956683,1122972517.74299,313173207.6967885,621022812.0872911
1312,164517195.36563063,106991209.42074381,76341594.21669331,50160222.109764725,24895319.70838345,27591174.335517306,1093713542.0887177,301371085.39346594,679172567.8412389
221,-640511.4322440196,4186949.0603144914,7672078.353233392,10572387.49536926,-6707879.83091847,-5165084.341668612,301623970.5868988,-47918594.222540915,216598274.0405449
1914,221491706.06316093,152811198.1863748,84236548.0186595,46113838.875165485,38317474.54813058,38213840.10914936,1876072148.842268,807806004.0785961,932604399.3223733
397,2888843428.393198,1830834342.3132367,1038794922.7608238,684576444.8554668,334389916.918029,335343209.6261467,7896298762.17582,5380931070.360262,1675971588.7138424
293,144159063.6850227,88247987.95009808,72868515.98829085,203289977.9969241,-147830657.16946715,-54542509.14033143,1793063131.3143961,1533433566.8723555,459044014.58549446
548,392970773.321191,263308816.77222833,140149860.53009304,87868507.03817646,50723015.4876622,52505963.28206593,1843096305.1943064,670565869.7469871,988627777.6804335
248,-11887277.577702526,-3340744.2705304874,5721239.118559612,17618246.927541777,-14127976.970750825,-13667575.51704045,442611784.4991574,63082739.736602664,265605513.83856958
20,-5585587.632952459,-3597352.427504668,5816727.760786908,36809442.317780465,-35893590.17605047,-30817747.01663026,624459480.328866,28803110.543554187,289460578.2505762
873,280346365.85751957,238116174.42776662,56256246.43220559,59347145.7032598,-5441467.8369734865,-4718642.096040055,903709434.7749847,333972111.67882186,496221212.98410153
1740,7764814.559945958,4577994.331203882,16234272.099896677,19494517.97334906,-5238785.491895204,-10265998.99423362,403477109.835983,54071611.88137907,235363582.7067232
301,-6148095.400165231,-1234950.0428177933,6102988.21664067,7746382.151261095,-2192511.307103147,-18412.26464034745,368375100.2132855,-52360728.55412227,253032926.57699567
645,6894527.883902005,8723166.923059251,11668461.196501177,10111372.900044035,507087.69537610793,1420766.2485709793,428073131.2687199,-38710885.68575865,264219021.45060185
39,2553900400.557429,1277227289.6866663,3133337.428656242,26741338.691056594,-16455926.800625015,-14632756.36249635,719437705.7884732,8927083.26983279,552008582.6752154
1238,123086950.28635952,27596031.82725544,116761972.6651855,74388666.33421257,40819607.79402253,44380812.101309344,1152311535.4999757,373191260.7658124,693472836.2513642
255,5432033609.033762,2813968008.889311,2430315519.7771688,565574916.4306692,1887802783.2928393,-20371807.4143281,52617625596.65602,31384849573.741505,26216055447.932663
1776,607222407.7618779,117341645.42679653,509927299.5500922,437075237.074551,56522939.97818575,64320553.42330622,3121694809.905205,3442523510.9388885,685374157.2572575
1962,-100659516.1211184,-68265744.96805362,-13672878.399272218,31398876.63514657,-81742051.00718415,-128994701.13548638,485266961.9014499,-16068713.884096205,338015766.5666774
1919,486588690.7067758,474329.3855795651,508882466.58163655,448328466.9813061,41959423.5130353,42310806.935957305,2425178630.6818,1557623969.895156,987907712.2124617
630,-1912329.001269524,-2028887.694284916,6090543.725817208,8480734.451519653,-4689469.037275582,-2584314.521054052,354960832.65681076,-32903632.68293035,194764113.4544202
95,-5413597.4253031295,-2976469.8565710653,5336249.36526825,10156608.968820047,-6553344.113961553,-8065975.415780382,271405050.6478707,-34947092.63240324,185647045.40898567
1079,847791421.3573537,8990629.839891043,820676282.9487054,65614016.64016737,763113922.0672497,54487608.77117001,4107936207.687563,1987681087.0147169,1937705496.9992354
1393,-3891296.4824411087,-6289849.123708673,19589728.804269128,21335062.88184441,-142702.92595716706,2037517.8440952795,700568597.7128731,328399559.58554935,364586120.1243707
1303,857573302.0652176,572329635.265815,304611654.6457641,205747205.32625958,94309170.38999383,164683095.32309744,6771442292.605268,4930468229.036158,2035192185.0984268
1528,2393393250.3117146,1889722898.4370897,514772677.087711,214471785.84992975,303012119.54148793,286850581.6313598,9259277123.202168,6204365995.684174,1986811990.983408
706,38936409.86944989,-63905143.00857496,124909621.58987117,111558660.96637073,12061943.487308415,12585444.314938094,841026320.8511465,552674417.981953,430943952.012678
152,324632515.78961056,27749256.5033723,314987365.0084607,318096971.2597211,-18954964.349391237,11775888.816641908,1387486188.7144408,339455784.4977995,737391532.5483682
1112,15582758.84659898,10892286.662088333,6819676.912941478,10266467.818266038,-6576979.620571295,-4127520.977803144,397398773.2480976,-13157446.529440343,284464974.3600157
804,1175274566.922804,760288931.5016836,435933668.4332777,370060079.2897725,51511755.09049204,51732127.53808895,9853872683.964922,6247542551.543318,3416258328.120241
63,11630201.666252047,8128533.189636938,17169092.42566746,38674830.80721976,-23986684.279459752,-21800146.915964857,684628167.7748368,45801072.261799216,382876655.62499046
48,135667660.3912002,-974449.5248193024,252244542.31856275,304468030.80261564,-54376931.17350362,-48641212.946753174,2311459540.1337085,596973849.0890942,966109141.1033552
902,867810937.6887038,697342909.1507468,180902642.87624788,136344418.78301483,41262691.157273605,45986188.9796134,2181516409.000826,973087666.331347,852510566.8740565
19,479518225.29266804,38669396.21370964,461675879.44999504,438576038.9308768,-6518090.28705581,31862287.670864217,2859716053.413081,1837123455.8275259,1116788337.7314343
906,214776443.45338663,101926771.25102939,125429246.12270781,149331522.43179715,-31255687.34797124,-25768294.510071058,1709489161.3935685,1048076388.7307208,733082911.6050527
1344,-2622530.8960847287,-7244098.071990365,9393396.965390686,18454413.909857348,-8666271.5876752,-7734885.82218728,433643959.00169635,47748570.91280258,410404046.95375353
567,15914967631.353045,10849517627.456017,5445149006.478592,1509852209.4351354,3788080841.2980895,3341861712.6596084,81881979788.75146,66664050750.956276,35060959797.264244
661,-1595668.953942507,-2069842.4995112503,5681925.383107963,5976473.219460372,-349592.73923326354,-1461138.4495283356,325928779.45230806,-14570849.020111084,196083527.351407
1358,208246622.9216095,142995483.37194565,63060234.620580345,118180537.9433411,-59358624.66831811,-59097929.061630055,2158358490.9159036,1576673951.244889,577985337.6573015
1751,-3366729.9978966946,-5347398.520359146,5060953.358319683,7006326.223639372,-2107147.8083813237,-2513149.8090024195,388366537.159134,-50610228.564617634,355459464.95851934
1541,74873094.46872954,-15247534.902868573,1240585.3459458128,5383178.963906148,-5808115.95886151,-4594358.283735911,401938103.2315138,1670062.3990448713,175314496.55439147
893,1358791049.7675724,688507191.6253015,560759762.6389954,307526124.0876181,101948538.15714061,-127640959.08736382,18358853867.750996,6631674705.932591,7242746822.600676
124,3384968.355121888,25760.701212001033,13954736.372051299,26933170.003800333,-12872760.609866373,-10224438.35379333,456313388.2576572,-4242226.2764831185,282625626.9332754
1923,3139516992.556249,2174145401.4777493,996006269.0386814,1128981933.2720795,-189888522.16964176,-208927158.47909907,3754289155.376471,6100955727.977912,48579186.64135826
519,67636309.12822767,445787.9972672332,22095439.63217102,15816315.86942569,5058706.364954387,5140212.140857566,1013274148.5840387,89646383.05938864,660117678.6852607
827,107865223.51817675,35812611.200931124,81997046.50969718,47487875.20501228,31005052.311363064,11161671.560398677,1136254573.2240212,484880502.0198047,607434078.2637314
1804,-9120907.471695982,-5545632.192842042,4994732.711116334,6732960.948123474,-1467097.5336547156,-2740235.4648649273,291876577.9771138,-25092165.078879476,103402607.91862927
520,32225471.761165097,23575678.4017711,23878800.191715572,16694821.076470427,3797359.3631907227,4778794.666528106,611489416.5070298,105949356.04934616,416622569.2570778
1813,3062173.155286402,10178.49774333983,5086287.666957198,8238957.054625111,-1282847.8375248902,-2607938.824361549,213437850.27790827,-7061644.22350812,105130097.5600052
968,3125746183.627192,2266236773.462915,878896465.3748859,716316339.4970675,22037953.727241807,13228083.579462487,49787858917.759,30804506870.62292,9539323395.48964
1091,216126447.13289905,175922294.73864925,44790892.25073616,60592750.45000565,-15036764.967014082,14917347.71719499,1155834876.1657906,678736227.2670777,508681689.5125002
1227,36976846.2139718,12697165.097656656,28656017.366021905,40130351.231320426,-11002768.586674223,-9851461.373950843,561479801.4353743,43443141.580727875,352672671.2812983
1979,-2010652.0042616427,-2942721.738469867,5104433.462953744,9917880.327084703,-8053000.612690599,-6960563.842304522,283491224.3241233,-16760150.005887628,139207613.76657578
1946,88887410.70327102,21459233.803479932,79877854.54082985,72149307.68052447,5647484.610265816,8080405.452397376,1181069979.042616,51176074.35709435,661047416.6614369
726,1350888636.3635411,556454653.7606544,791396999.0981709,754510631.5270135,36362032.77209111,55887504.48308135,5144860058.927602,3971844671.6730604,1705337930.677258
1512,9907342.963005338,7253493.674253177,10115379.46750123,13288083.138314802,-4702194.596108848,-4330893.927330567,362061076.7170275,-54160252.57482976,250496544.0300701
184,3717926552.235323,2181612186.451359,1574643290.570694,1034843358.1530697,551064314.5339806,-4217786678.132716,63585398081.33977,33191284373.07327,18610500079.20865
727,438107637.6690111,291474026.1212845,161556412.24391648,107591197.45509608,52032224.228635535,47495754.21774705,1133743423.2482414,590324434.4955982,785868838.5285354
663,-2138033.800335331,1849090.5466715968,4451485.1464628205,7955799.7141175475,-3269495.794150226,-3335672.9803162552,308503885.62508434,-50506057.56395924,121124500.03930789
1872,164654042.76854938,119443872.21455869,58342254.367097184,39188394.51229598,14376622.87513144,6419133.968839012,1141648701.737073,559890266.8899305,752349296.8425919
1332,33124712.984395936,16050248.478580588,67729015.05003348,49578712.4301033,16251930.7109174,9448053.783291617,1181838039.9602418,510450743.53210604,470815626.87559366
128,315068291.41115975,46399655.42063637,286100620.6145957,287699891.4387288,-12748624.640034381,34954176.044383265,3405548660.3161855,1794454381.7285361,1405550469.0719795
232,-5878237.406130921,-2566767.3826533537,5336425.917973356,40139164.1571116,-37135970.738789,-36324889.49216212,781804027.4845469,206716895.59460717,382397567.5423236
1213,323161032.40728515,275326541.5914171,66588283.80283515,52951634.886425786,11439973.025820622,15092875.34404141,3038757421.8768816,1643716056.2294378,1027601242.1875894
318,38520520.53858665,39718925.81018928,14786893.931046993,13299633.059922263,-1080442.671805597,775746.2924044323,487452979.771777,37138680.17802532,323295449.3868296
899,17557148.585921265,-7237533.611844573,38287321.52323563,60903439.480538055,-22028306.677970294,-21747620.64092862,767942359.0135708,308416108.587194,432565346.9226065
1006,6119408363.4098015,5633341925.628531,-639856453.39939,331846176.2630723,-362714634.94786596,-1338963987.071796,-118723479522.71594,-31939377741.028267,-78889088029.0188
1292,54068036.354762286,45883592.02734042,16336577.091642346,76354032.08275077,-62513393.127426736,-12268825.652700186,717770659.7063644,31644421.46661979,405073030.16955596
1926,-7046925.53395297,-1608155.7212269157,7928385.511509421,11362551.08341784,-3923098.88264931,-2638176.2580596237,361822390.73922807,-66697201.081483305,205770972.7868537
1808,-6824119.594520904,-3562257.093188652,4688484.22479725,22180631.185919948,-17925302.504847206,-17406524.87231604,434346512.2587049,12493898.83708483,286149845.91285056
525,7253204439.341091,4999204081.172166,2239286038.1400084,1763398041.0332384,393541226.32670116,473139580.1466884,20197034543.970394,14450630458.451103,4677281653.564775
1599,225479124.66417927,171232938.26464388,68294758.96742816,29963815.35137832,32564144.058185317,18654463.680890236,846056265.5716393,206734461.42233592,387703625.04179204
1094,18329970.469731722,17002180.355107337,9306938.84694833,8425286.415279236,-1814262.3159658732,-864854.4695667333,284882922.4445498,-36704354.3508997,159975006.0887676
266,639413149.125003,-59675112.42917612,714543857.3230424,711272253.2211549,-29923319.602745216,-37603613.17843109,3853173185.2392464,2164300316.1043353,848015771.5327005
401,227179606.1012532,181733838.1475936,60397488.28733079,131881994.49450347,-77049532.04964924,-74889491.90637931,1083575761.8633077,463145609.66750467,734434160.03061
752,365660429.46026266,221864161.83645296,148576843.93036756,23149888.987771653,142206454.7260785,122955300.61614087,2282385084.048761,709648479.1743159,1356040960.653708
1351,5229.649256957695,2811487.5119836647,10970236.16963775,15782594.378780175,-8262202.6230234755,-6219483.032469301,391285365.6041265,14427678.919935107,181302474.2690401
1318,4188186273.699624,3404189792.561101,790446737.3751345,4687725602.809294,-3990869043.769661,995612591.5693505,20996867586.83995,15294220170.73876,5965655309.324434
934,430911447.0276896,35494093.10161519,396950792.1604259,753758380.1636764,-372501915.9429297,150617630.94990122,5632182997.992108,7384057273.714458,475272615.58450353
1475,-2784912.733135132,-822919.079657143,7715843.881752026,169472497.88183254,-170106869.41201785,-164956095.5364203,1633440660.028997,82023247.5544129,723602112.9605721
932,3028583720.8177366,12089846.184743345,3011027587.5948286,2571200643.4784584,380440618.9299386,379539689.35178673,16949371118.592323,15334120825.771357,2242221893.713985
686,-1502919.4337278786,1008687.6784763688,6064802.885319959,7606042.396212112,12544119.109328186,501396.4000248939,329683119.2751193,-46951955.269301146,207440395.3503229
170,-62186315.603923365,-45596337.20830189,-4524012.752676044,5759086.346789449,8488459.599087082,-25867055.18576004,248576795.90486526,-84290680.52270608,185119942.62349147
381,73364007.47579214,14108452.13830318,7238731.527253106,36843211.96787535,-31203428.53611296,-29728985.236033067,620420810.6833668,47909966.17819142,293725313.7856069
1842,12351768.315493457,14338098.703879049,11695750.52965277,14360101.163576996,-3558315.556634591,-948762.2978846414,483343289.14226055,58624210.83544052,239054059.6828488
887,785439956.637594,501179466.9470546,303300388.74759173,209021294.6533292,90689006.74498816,192948091.73369953,4745010018.957136,4411869920.815982,1263441752.9138799
1835,482434761.67804706,250504764.40910384,237137635.7897911,257816023.19712293,-17164724.435687017,-1008866.4410962481,1550656373.417707,847863984.4389871,727230081.0063709
68,-2093525.1153112035,-1417358.1894798577,7871547.238703938,20064389.62685003,-14469483.858583339,-47640176.80821769,656940669.9708285,283801840.3837267,403870643.19121844
612,40492809.168527044,5472086.178681905,60965330.07354516,78573771.82215875,-22542021.68291393,-21280084.206695925,688150758.8047014,216121954.4033183,409614974.1488761
1710,-5609118.724775391,-6482522.95969281,12306900.509318583,30072783.513895378,-17706992.643703945,-17852024.669273686,639760087.1551948,12150036.375466287,342912919.3820443
189,8579465907.176351,2906252191.5681076,6002122288.251224,2582692860.1188064,2923049238.04774,1600389394.2116275,69977151242.64061,36813858724.92442,23489643347.08434
1704,927998521.0465754,371277896.4096949,570407301.0060204,772279225.8061875,-228724708.20362583,145237439.69308844,7844322761.451291,4115425712.8900347,2742195912.2367573
215,-21383205.74904349,-7198346.890699457,5465747.257374531,12858914.249211524,-9113617.226558013,-6445219.632936796,356049296.8609881,-4139364.643886149,209244890.88807988
770,183327559.5325773,222608477.709485,161411570.84759048,109540870.91889898,48495023.25414761,49651090.11153546,1793121238.7840967,951693378.0442371,814889180.1667085
1228,18911043.319179315,17652925.753411446,10099254.873732325,12993850.166414905,-2021275.007031391,264191.15950094187,394604029.6181752,-8766595.00966537,230189947.27843502
944,528096119.651056,109959981.73394231,433172890.94984126,419781514.8346358,1665810.636367252,4352190.400378022,3335406012.6580086,975836121.8531635,1630287792.363175
506,2784932905.660179,269472697.06418645,2355335769.9445744,1537425762.935461,853850147.1627443,1167655496.7457442,36431003672.53952,22822339081.346127,14893175407.280003
974,694270854.6428308,380875128.9611628,333585473.1072433,279729125.67174697,42135240.18433001,102741727.5215438,7726159973.645803,5049923343.033012,2641356522.630887
1508,541487590.5206443,95489439.46885452,465781553.14143443,380097515.09695745,44841479.46846789,-335660441.512317,6002951091.844877,2238998060.8376217,2688115347.603554
154,37420019653.53644,32988463503.418205,3962340880.465775,2794032148.787146,1294598532.806201,1664194272.964787,248149269825.17767,210002744684.0968,40795701411.38148
1629,153460060.74418008,126270617.09301706,44472501.700695544,19255376.535683345,22891328.61686721,25786524.951878525,1627924129.1128616,677522691.4788435,781363001.4124813
464,2275917478.486363,2035498474.4431999,265934241.31383607,45735633.7776042,228126145.85532868,245617501.9987248,3860062982.935646,2073502094.3101656,1115045603.2122908
1398,3584572.1745703043,3641873.025135719,566491.2490809485,14159134.078878623,-8384205.960339172,-2537207.96990295,242080236.69214067,-20504891.260098696,207296516.85014284
1513,102610325.1241037,-2247271.1521580787,116862537.01126283,154877605.10122615,-51663482.60319,-47293736.070210285,1149831578.4231603,127699112.65518492,604954192.8783377
1158,1041108213.5637352,614856677.973082,440682994.7912168,210176956.0541463,249046516.39019185,180056293.9021731,9507781107.88605,4989321582.015049,2450256740.062265
1494,264488256.1911513,-1299344.7999195354,282816017.7088862,265720699.76968542,8330991.619833826,30916430.482789192,1232233221.1363535,553688838.6531756,628467094.3774295
1997,-129089705.5691324,-61518420.92702613,-35505254.40799319,1556320.4512922862,-55486247.594189346,-104753001.76489751,263019767.88965788,-60578109.18667221,193364478.4119425
748,453262375.48690206,341999597.8870375,124986040.68661723,98046608.7416682,23824277.93445538,-18721789.347593382,2221590685.5857267,1013052229.4374142,1028601979.0599308
698,6579303969.981452,1790977598.405733,4913465937.848157,1302157072.466949,3582303704.9079514,2558420043.0759273,62680941528.47349,25709390615.322235,9340707264.232279
1252,2029193347.713436,560378264.7572408,1289541147.860656,1491073283.172367,85655571.7649065,859410444.4365917,13172362684.395569,7991004210.256707,6399100161.929672
317,-1532698.3368408345,384231.42211070936,8186160.246200337,8525437.464624915,-1934913.3667677226,-1763231.1929791064,429655127.0815574,-20897882.82239622,269924812.69072556
382,2287705.4621544294,-283214.96213115007,15609630.048701998,20128652.045163456,-6543096.504328096,-2527177.951600622,445489193.0759937,1183396.189516306,285324724.2670649
334,814514297.5837216,64418947.65251624,768276565.7822043,288281197.2008379,442543364.925619,157972836.1156673,5388308305.053799,1558880565.3210454,2917516010.6721287
1065,-2724099.914130113,-1607172.6556086796,5264048.113556817,21626026.52953007,-15500597.351323053,-14308242.014495324,395757243.63858557,4238728.28215605,174885555.06366068
670,-1472567.6709436718,-371659.5095105232,6245779.856213503,19575278.621261276,-13755055.53969812,-13252105.942794776,273555361.5720685,-23393230.426232446,140104546.30231932
259,-5005580.52067071,-843356.0907644406,11027042.941539098,19164782.907516748,-9719237.938775232,-8309497.210479201,381208504.0284766,22650260.708826244,218441848.71627402
1779,-15026570.389652995,-30548627.144106492,-1474192.489908576,7813681.702740904,-11598873.262943886,-11521558.134388324,321700381.4573719,-34548405.99747616,196414357.62648618
836,18305226.94061052,8526432.722268134,22249376.26475519,34403294.23155189,-13827592.559893727,-12388847.76049152,634204093.2799041,145493391.53095156,373008908.5901248
725,-7843903.119187793,11537413.411134781,-8260460.685898935,14950631.886312127,-23791275.52474808,-20829416.65094085,508529943.3892157,62739126.68582195,283525659.9827574
960,1086736371.940312,520429801.710368,591369238.2116982,359685972.296024,189084156.13710257,197138860.11109135,2246161557.953307,779161119.8914447,716667129.344761
1302,355217308.7849691,246168534.4844188,124439469.17087844,37952300.521628425,83518704.86634074,72948171.18406257,1452578688.0768714,1905135870.1966357,537554391.2556261
800,-4996751.589996202,192463.86858893512,5041292.891590027,11431971.470862778,-7474878.717150338,-8389349.730122592,289152324.36662436,-28536406.2701658,137820139.44906053
1340,642278913.7891824,301372112.57802874,362202485.0244394,189983305.88247475,163276252.25173798,165449165.5607988,3999508542.2375283,2105602992.5957057,1859303249.550222
1938,2517899.252278965,-2105100.65852334,12382485.87448517,27351513.87621808,-14760777.84486234,-15314139.033917937,613395194.7272931,43372482.26842153,350802409.1297194
962,53205419.621567965,21695969.307642724,39634541.189766824,20618886.641599976,26408356.20288247,27250822.716375012,1129618890.8978333,306982462.7032418,617391901.0053148
1257,21708941.36585127,2588872.229942754,133542671.50585727,127138912.27423847,-27300113.072532967,-17182791.124294788,2651899735.677685,2802124320.1014237,843590421.7404218
465,-12318371.381289508,-3464571.2169159288,5840543.098533504,13713167.26324722,-9015380.822420008,-10040795.702967461,356363566.7132612,-2976316.8580759764,202962544.70794928
991,5525816.388887182,-2093254.3529793238,13497677.133913686,66473241.844922185,-52985498.3342877,-47101389.194277294,871305470.3043767,143984291.92438114,592045244.1560202
762,54467857.989237234,14619628.91134535,64809779.95992043,69441192.99133573,-8615085.0105739,5161790.934456594,1132766219.3405962,574077573.4806402,528097816.7006813
336,7107471.496022299,-29359889.065674376,47513283.966864854,38607675.774602965,2510625.6367883324,-675133.1194114415,519308871.40370256,96620444.7948901,381969640.9753211
99,-5710207.607669445,1597729.089159776,4977432.1011178,8455739.358034004,-3548180.6614476647,-4766566.218309062,265726484.7242707,-17833826.768177867,259766199.55138114
1305,5370397.678625326,1462565.3814891358,5359313.256627639,6994905.162211537,-2220894.3989516613,-4669015.050485333,317959376.945589,-30218676.852910638,179738560.60101274
1395,75261238.58753735,-8307940.898152552,100272254.44526675,211073248.588672,-133286954.72872573,-134759190.77953216,1183311127.806384,640014079.7943325,598587324.5631806
379,19780067.87867578,22296202.84965945,17597171.221139103,19048469.466218613,387197.0228308211,-761600.3528233431,376175119.40470797,-46823026.8935073,281676136.8398102
217,515090107.44594043,436116321.6904545,92356773.60644698,46769179.88887389,41305727.16353364,44554587.59817066,2046329511.1319852,1159003890.432366,846529483.974833
69,-3795191.304366662,-466215.6960648882,5614050.655961048,6574493.051258614,-2261771.891135871,-2346207.3277240023,324472160.3621161,-50433332.808414996,83441718.62612827
1375,36777603.31977967,38172021.53610707,17298030.54010857,15684362.546575941,-805613.1319033843,3047583.960278732,655097417.7926433,191745173.24788177,417235255.0248351
1667,394230499.8614919,14544323.298297724,401484185.4232564,145466388.84347504,242146626.53643143,68464755.57994264,3010989637.6391892,617919356.9138873,1601510164.3390412
891,158181060.55498245,81451164.59535885,89527568.1259075,42802731.12687494,43479559.864788584,15654354.025507767,1452053664.9670243,596351869.3311744,855536475.6445624
1210,-6160365.5656208955,-1284599.7680609047,6414239.974706056,7313638.110739205,-2972974.831733996,-2092406.4138694818,234837180.19480795,-56032525.123366535,187141835.56026125
1178,-4147044.793694516,-4521929.568364972,3912798.6406650096,7380320.904577268,-4748058.182685403,-5154058.376761464,244071497.198455,-10259112.593331467,132131574.35724144
884,-381440.2671178691,2960163.0806605015,6014006.832722354,7763852.808600697,-3323392.037221241,-4230519.116375591,341079735.88887167,4495288.82418406,171449963.3234281
1603,-2384310.6624278184,-2934656.9367456865,2763253.2394899223,6997262.975128987,-2879011.5298340707,-2677581.094289676,268132268.594206,-48300830.00375509,181494343.99801698
1092,9830128.357008724,-8582805.92308926,30882425.96508247,68076260.08538407,-42439235.55963465,-39893092.24015608,694584029.034131,655420020.7907677,151976794.81603527
1748,-3701039.1037005233,772781.3055805266,7067051.4245002465,7330980.037621049,-1155611.2805267693,138899.95904832004,369937326.1498275,-18344122.811768472,217412900.04265243
295,572748.7006188072,1595339.6373052038,10992701.192201458,10663938.816628106,-1201139.6573202321,-1081460.2644746462,410277856.2969452,-10756271.53624124,254126697.1268785
879,1298716661.5828128,723062474.1184626,590648740.2424568,1456885124.128724,-892449376.6311488,199067326.02109307,16631846676.26502,14101704897.352945,3231350695.932545
222,121770545.93611056,23169880.237054437,115647522.77890822,28989868.963948213,82651645.93263543,14891739.190557789,1389602101.0080018,217318597.43432832,844320008.7995982
1029,180050136.83763993,146885734.06913337,35051182.19510921,27653710.2589805,9143369.82551505,10107104.671257412,1867301492.0451279,837037653.1798459,847486307.873112
794,-141547.4427485261,2681659.5883501624,8640680.228528822,3350717.5668593952,4579233.097077949,3219274.1924523553,340678479.7228774,-18759211.52950394,221410336.6325789
1766,1875993591.0678008,1419584633.8287728,427086858.57170475,154848188.31771734,293051770.5467807,131958588.23985508,7968710030.360625,5188742603.544367,2649740290.8696465
1301,-3059158.1975503294,-3970859.729902343,6707517.812119743,9540306.81346452,-5284947.992081367,-4089349.769570628,365527884.7679698,-68321194.2224409,212359681.4288967
1718,194972224.198395,143291749.6876204,70213217.88982567,33552131.47557812,26595509.662539557,20852630.595775343,971806603.8219992,435651289.601459,621122592.3098494
691,175951913.06664836,150349689.64322385,41549854.42477562,33785923.026502065,5050300.0159614915,3325503.7804119466,923965834.0361849,358440924.28434753,546261893.1068355
1260,106529067.59546563,24045489.764933504,96131963.22946249,114185195.70258608,-22281213.253285836,10403894.63627581,836938719.7645488,266095007.5255844,526360555.1067661
1711,8083023.551794086,34443665.75610414,-22511033.479403734,152859256.59155455,-173572380.1106266,-168989993.56300533,1219803676.4822037,606962189.1780999,654676830.7241571
1116,144062876.97138932,100681885.43341476,57094377.192973286,30749302.844320618,31001414.060346752,30376449.542196594,4176961844.4841495,2670584459.070051,1428674834.295904
544,-1633246.1645758231,-3243770.6917309053,4658480.214319389,9571189.699819285,-5732734.505867492,-6089943.867760929,338641791.89499605,-14168599.142117918,113620226.65973683
808,-6914218.856133798,-350806.56227757595,6494251.017795419,11558595.042659998,-6006189.40811943,-5983136.382590877,240412104.18070132,-75796737.49624544,157939799.98442298
284,4982912850.546064,1787123411.382707,3193733630.8497643,2166561369.5637193,915591097.7213266,906528967.9516025,36147930201.69889,20215281986.55233,17610701325.682922
1791,226182046.91156462,91278615.95257597,11570111.563508712,1864954643.29575,-1549724446.869283,462144571.0824609,33221548386.410866,33970696051.37928,3383956606.336211
257,82960582.75895154,25614018.545702837,69673222.3110127,77297141.29151946,-8462905.961537823,-6603852.093558917,911008429.9644578,148473723.7485826,462903229.469445
1451,3761168.4796646694,-1448076.4313470004,7900077.478396118,8786453.49525088,-2014698.060910475,-1092562.000741995,345076875.92879856,-37316016.60214603,214449750.41786706
1615,6118918657.882792,5632470418.085313,-649913944.5478288,321785740.4430006,-384009271.52196455,-1340651138.5933745,-125075946316.71454,-29693195444.510963,-82150424392.47914
1875,42422115.41227794,8690959.4305438,52213540.20778098,24197547.565593563,24239582.995493792,9563714.864708371,733284557.3143219,33480559.29405904,393456385.365288
1226,1779872.30590788,-2953734.5803506863,4599638.662306987,4087877.367579939,49799.75347708195,-1497444.6199189222,224169701.1718467,-54953436.629869044,83548019.0081405
976,2497149.102546362,435213.2186911069,9549769.224121308,12795756.367984287,-2104105.4182321234,-763211.4644629599,395915826.9760615,-6020614.092354989,243433866.94778907
764,158931755.13798407,38592126.44871757,132526523.62087092,48739499.021352835,81475877.17173849,22094656.81894465,1436389376.5232205,712697981.9735682,771036695.9920453
1724,106731921.1042271,103379215.5138659,8340345.367485452,43523868.08760708,-38947149.95440419,-34900174.87322095,761613212.5247858,272080141.9305856,439004353.04901993
1183,33047702.384491317,26407342.031064853,20669951.54643385,15012177.58576609,3976684.7238368094,5351292.398217328,545989117.359359,60901930.754359454,367660560.98323274
207,-8394187.179834502,-1797803.3871257072,8700425.318175185,10113126.75720006,-2870472.650009294,-2535425.0754892835,395476379.3715521,-19230482.7605561,218835740.60054317
2003,321685635.4502775,217554238.03432715,121832406.72741435,96154385.37787293,21557294.618132506,24135098.289030112,2634707959.062779,1247687803.1364255,1125314113.4582748
1099,20351836.445780557,14516989.952119902,9267905.860805552,10289490.83450642,66266.67906758352,351894.739447752,343402841.5183594,-8867274.362880886,224741183.21790573
1552,-2521609.927369274,8105595.901368897,3245274.482002167,80452487.72627708,-88401088.00178248,-71368141.83519424,907458967.1134286,343128715.9711124,533096290.79407936
1129,4739168.764571053,-4591029.297596117,15591395.44195022,61834206.0563792,-47428574.03388128,-44299468.22664893,814134976.2346473,200022298.8904708,422862708.1872853
34,-9105498.570251709,-1356534.1138194716,6376690.336222798,14395662.269578403,-9655083.880705634,-9905872.293383788,320825524.8271619,12293387.68922007,192179788.97527334
1569,236501259.11446258,54763525.663363084,185086068.49551022,210694469.65347743,-24270853.541709784,38470916.87932334,7754265205.318856,5877613902.50129,1600462521.4505208
320,71123425.69183846,-2109777.739977698,162171931.55375174,271136418.40744084,-112416510.73651999,-107573459.74362558,1815692619.9244735,1327422604.7539165,643709811.9863217
1193,-2512580.3304115892,1335878.4932787959,6227516.746938463,6043600.763431273,-576818.1400368048,-2085865.728832864,327521799.5107403,-37525446.73485112,156847851.322433
717,1076344267.1144807,140152576.98872933,921865298.089778,719988805.3965919,218858260.55433232,223412711.142289,18530669621.871647,10309053336.874168,4510526149.596458
13,170401088.61376107,-1030631034.319687,1216833066.2377238,1103036476.9868307,104969523.06773181,116148928.49790016,3310876693.349971,2408992215.72484,1268226878.8237255
1759,-6133202.180127183,-4688135.21224601,4821853.945160542,24561490.236697864,-20910617.028359912,-19586968.019152272,516387161.5591051,18998373.17529583,286925013.5139957
1722,128755528.90706244,27982413.98407325,115504747.16693784,105274295.05939785,7313767.813489661,6773397.912416201,2156001814.2457786,1845473281.6673374,616442493.6326723
118,177073165.13004172,123047626.94966295,69404377.33313747,45148149.447107784,19445638.484802224,20149851.625310726,1136107915.474555,343029943.8059963,609525740.5744579
1549,1830690699.9243405,1008055139.9504741,811704635.9697088,85629112.22788869,741622721.4614443,762867719.0173742,12416777638.148993,6030268810.881336,3475187568.3798823
957,1203952.6724627027,-1390516.8124045255,21496376.585820485,46993903.06728089,-26571576.079863526,-24738110.370049343,680787737.5859511,29949264.17106378,380372693.53271836
1870,267815508.14101142,272563523.676762,-4996926.594747725,89582472.8974041,-82170611.30013195,-72399026.6958749,3792649410.973381,2992105622.6560225,1257572188.570215
885,1644031938.4385657,1045330589.1460785,624734859.7051965,375979371.5171799,229438307.9974579,215837335.18805557,11689382924.8597,8530111091.971514,3377121227.7391524
385,208246622.9216095,142995483.37194565,63060234.620580345,118180537.9433411,-59358624.66831811,-59097929.061630055,2158358490.9159036,1576673951.244889,577985337.6573015
711,4798652.561517589,1860717.0162776727,15754610.900761606,26493113.202861443,-13383057.043570112,-10952144.716066267,448335250.5345071,56776675.322232425,242548425.9815905
272,107562503.02383095,21228994.3333588,98466262.05643739,90670180.2787936,3571056.1909248335,4539845.62025505,844350013.3194642,251584126.2014103,548521695.0964315
1892,1280344546.1438007,901738178.8456259,397921735.1090244,214180848.6287074,172747300.23855606,132389476.6071194,6602911052.535316,5667003182.607771,1536029691.8271952
